Text,User,Hashtags,Platform_Facebook,Platform_Instagram,Platform_Twitter,Country_encoded,Sentiment_encoded,Retweets_scaled,Likes_scaled,Year,Month,Day,Hour
Enjoying a beautiful day at the park!,User123,#Nature #Park,0,0,1,32,146,-0.9402783758472977,-0.9313103717739508,2023,1,15,12
Traffic was terrible this morning.,CommuterX,#Traffic #Morning,0,0,1,5,134,-2.129687774550292,-2.255125596898996,2023,1,15,8
Just finished an amazing workout! 💪,FitnessFan,#Fitness #Workout,0,1,0,32,146,-0.20833413049160884,-0.20092955791185693,2023,1,15,15
Excited about the upcoming weekend getaway!,AdventureX,#Travel #Adventure,1,0,0,31,146,-1.965000319345262,-2.0268815925670918,2023,1,15,18
Trying out a new recipe for dinner tonight.,ChefCook,#Cooking #Food,0,1,0,0,135,-1.379444923060711,-1.2965007787049978,2023,1,15,19
Feeling grateful for the little things in life.,GratitudeNow,#Gratitude #PositiveVibes,0,0,1,13,146,0.52361011486408,0.529451255950237,2023,1,16,9
Rainy days call for cozy blankets and hot cocoa.,RainyDays,#RainyDays #Cozy,1,0,0,5,146,-1.6722226212029865,-1.6616911856360448,2023,1,16,14
The new movie release is a must-watch!,MovieBuff,#MovieNight #MustWatch,0,1,0,32,146,-0.9402783758472977,-0.9313103717739508,2023,1,16,19
Political discussions heating up on the timeline.,DebateTalk,#Politics #Debate,0,0,1,32,134,1.255554360219769,1.2598320698123309,2023,1,17,8
Missing summer vibes and beach days.,BeachLover,#Summer #BeachDays,1,0,0,0,135,-0.5011118286338844,-0.5661199648429038,2023,1,17,12
Just published a new blog post. Check it out!,BloggerX,#Blogging #NewPost,0,1,0,32,146,0.0844435676506667,0.16426084901919003,2023,1,17,15
Feeling a bit under the weather today.,WellnessCheck,#SickDay #Health,0,0,1,5,134,-2.1113891684164,-2.0268815925670918,2023,1,18,10
Exploring the city's hidden gems.,UrbanExplorer,#CityExplore #HiddenGems,1,0,0,31,146,-1.379444923060711,-1.2965007787049978,2023,1,18,14
"New year, new fitness goals! 💪",FitJourney,#NewYear #FitnessGoals,0,1,0,32,146,0.9627766620774934,0.8946416628812839,2023,1,18,18
Technology is changing the way we live.,TechEnthusiast,#Tech #Innovation,0,0,1,13,135,-0.9402783758472977,-0.9313103717739508,2023,1,19,9
Reflecting on the past and looking ahead.,Reflections,#Reflection #Future,1,0,0,32,146,-0.20833413049160884,-0.20092955791185693,2023,1,19,13
Just adopted a cute furry friend! 🐾,PetAdopter,#PetAdoption #FurryFriend,0,1,0,5,146,-0.9402783758472977,-0.9313103717739508,2023,1,19,17
Late-night gaming session with friends.,GamerX,#Gaming #LateNight,0,0,1,31,146,-0.5011118286338844,-0.5661199648429038,2023,1,20,0
Attending a virtual conference on AI.,TechConference,#AI #TechConference,1,0,0,32,135,0.52361011486408,0.529451255950237,2023,1,20,11
Winter blues got me feeling low.,WinterBlues,#WinterBlues #Mood,0,1,0,32,134,-1.965000319345262,-2.0268815925670918,2023,1,20,15
Sipping coffee and enjoying a good book.,Bookworm,#Reading #CoffeeTime,0,0,1,13,146,0.0844435676506667,0.16426084901919003,2023,1,21,8
Exploring the world of virtual reality.,VRExplorer,#VR #VirtualReality,1,0,0,32,146,-0.9402783758472977,-0.9313103717739508,2023,1,21,13
Productive day ticking off my to-do list.,ProductivityPro,#Productivity #WorkFromHome,0,1,0,32,146,1.255554360219769,1.2598320698123309,2023,1,21,16
Just finished a challenging workout routine.,FitnessWarrior,#Fitness #ChallengeAccepted,0,0,1,31,146,-0.20833413049160884,-0.20092955791185693,2023,1,22,9
Celebrating a milestone at work! 🎉,CareerMilestone,#Career #Milestone,1,0,0,5,146,-1.379444923060711,-1.2965007787049978,2023,1,22,14
Sunday brunch with friends.,BrunchBuddy,#Brunch #Friends,0,1,0,31,146,-0.9402783758472977,-0.9313103717739508,2023,1,22,12
Learning a new language for personal growth.,LanguageLearner,#LanguageLearning #PersonalGrowth,1,0,0,13,146,0.52361011486408,0.529451255950237,2023,1,23,16
Quiet evening with a good book.,BookLover,#Reading #QuietTime,0,1,0,0,146,-0.9402783758472977,-0.9313103717739508,2023,1,23,19
Reflecting on the importance of mental health.,MentalHealthMatters,#MentalHealth #SelfCare,0,0,1,32,146,0.0844435676506667,0.16426084901919003,2023,1,24,11
New painting in progress! 🎨,ArtistInAction,#Art #PaintingInProgress,1,0,0,5,146,-1.379444923060711,-1.2965007787049978,2023,1,24,15
Weekend road trip to explore scenic views.,RoadTripper,#RoadTrip #ScenicViews,0,1,0,31,146,-0.5011118286338844,-0.5661199648429038,2023,1,24,17
Enjoying a cup of tea and watching the sunset.,SunsetWatcher,#TeaTime #Sunset,0,0,1,13,146,-0.9402783758472977,-0.9313103717739508,2023,1,25,18
Coding a new project with enthusiasm.,CodeEnthusiast,#Coding #Enthusiasm,1,0,0,32,146,1.255554360219769,1.2598320698123309,2023,1,25,13
Feeling inspired after attending a workshop.,WorkshopAttendee,#Inspiration #Workshop,0,1,0,32,146,0.52361011486408,0.529451255950237,2023,1,26,9
Winter sports day at the local park.,WinterSports,#WinterSports #Fun,0,0,1,5,146,-0.9402783758472977,-0.9313103717739508,2023,1,26,14
Quality time with family this weekend.,FamilyTime,#FamilyTime #Weekend,1,0,0,31,146,0.0844435676506667,0.16426084901919003,2023,1,26,17
Attending a live music concert tonight.,MusicLover,#Music #ConcertNight,0,1,0,32,146,-0.5011118286338844,-0.5661199648429038,2023,1,27,20
Practicing mindfulness with meditation.,MindfulMoments,#Mindfulness #Meditation,0,0,1,13,146,-0.9402783758472977,-0.9313103717739508,2023,1,27,12
Trying out a new dessert recipe.,DessertExplorer,#Dessert #Cooking,1,0,0,5,146,-1.379444923060711,-1.2965007787049978,2023,1,27,16
Excited about the upcoming gaming tournament.,GamingEnthusiast,#Gaming #Tournament,0,1,0,32,146,1.255554360219769,1.2598320698123309,2023,1,28,9
Planning a garden makeover for spring.,GardenPlanner,#Gardening #Spring,0,0,1,32,146,0.52361011486408,0.529451255950237,2023,1,28,14
Celebrating a friend's birthday tonight! 🎂,BirthdayBash,#Birthday #Celebration,1,0,0,31,146,-0.9402783758472977,-0.9313103717739508,2023,1,28,19
Feeling accomplished after a productive day.,ProductivityWin,#Accomplished #Success,0,1,0,13,146,0.0844435676506667,0.16426084901919003,2023,1,29,17
A cozy evening with a good movie.,MovieNight,#CozyNight #MovieTime,0,0,1,5,146,-0.5011118286338844,-0.5661199648429038,2023,1,29,20
Exploring local art galleries this weekend.,ArtExplorer,#Art #GalleryExplore,1,0,0,32,146,-0.9402783758472977,-0.9313103717739508,2023,1,30,11
New book release from my favorite author!,BookwormX,#BookRelease #FavoriteAuthor,0,1,0,31,146,-1.379444923060711,-1.2965007787049978,2023,1,30,15
Attending a virtual reality meetup.,VRMeetup,#VRMeetup #VirtualReality,0,0,1,13,146,0.9627766620774934,0.8946416628812839,2023,1,30,18
Reflecting on the beauty of nature.,NatureLover,#Nature #Reflection,1,0,0,0,146,-0.9402783758472977,-0.9313103717739508,2023,1,31,10
Cooking a special dinner for loved ones.,ChefAtHome,#Cooking #SpecialDinner,0,1,0,32,146,-0.20833413049160884,-0.20092955791185693,2023,1,31,19
Feeling optimistic about the week ahead.,OptimisticMindset,#Optimism #NewWeek,0,0,1,5,146,-0.9402783758472977,-0.9313103717739508,2023,1,31,16
Starting a new fitness challenge tomorrow! 💪,FitnessChallenge,#FitnessChallenge #NewBeginnings,1,0,0,31,146,0.0844435676506667,0.16426084901919003,2023,2,1,8
Sunday bike ride through scenic trails.,BikeExplorer,#BikeRide #ScenicTrails,0,1,0,32,146,-0.5011118286338844,-0.5661199648429038,2023,2,1,13
Can't believe the injustice happening in our society.,SocialJustice,#Injustice #Angry,0,0,1,5,10,-0.20833413049160884,-0.20092955791185693,2023,2,11,9
Feeling a sense of fear after watching a thriller movie.,ThrillerFan,#Fear #ThrillerMovie,0,1,0,32,79,-0.9402783758472977,-0.9313103717739508,2023,2,11,21
Heartbroken after hearing the news about a natural disaster.,EmpathyFirst,#Sadness #NaturalDisaster,1,0,0,13,164,0.52361011486408,0.529451255950237,2023,2,12,14
The state of the world's environment is just disgusting.,EcoAwareness,#Disgust #Environment,0,0,1,31,56,-0.5011118286338844,-0.5661199648429038,2023,2,12,18
Pure happiness: celebrating a loved one's achievement!,ProudFriend,#Happiness #Celebration,0,1,0,32,92,1.255554360219769,1.2598320698123309,2023,2,13,10
Laughter is the best medicine—enjoying a comedy show.,ComedyFan,#Joy #ComedyShow,1,0,0,5,116,0.0844435676506667,0.16426084901919003,2023,2,13,19
Sharing love and positive vibes with everyone! ❤️,LoveSpreader,#Love #SpreadLove,0,0,1,0,124,-0.9402783758472977,-0.9313103717739508,2023,2,14,8
An amusing incident brightened up my day!,AmusedSoul,#Amusement #FunTimes,0,1,0,31,9,-0.5011118286338844,-0.5661199648429038,2023,2,14,14
Enjoying a quiet evening with a book and some tea.,BookLoverAgain,#Enjoyment #BookTime,1,0,0,5,70,0.52361011486408,0.529451255950237,2023,2,14,19
Admiring the beauty of nature during a peaceful hike.,NatureAdmirer,#Admiration #Nature,0,0,1,32,2,-0.20833413049160884,-0.20092955791185693,2023,2,15,11
Sending affectionate vibes to all my followers!,AffectionSender,#Affection #PositiveVibes,0,1,0,32,6,-0.9402783758472977,-0.9313103717739508,2023,2,15,16
Experiencing awe at the breathtaking sunset.,AweStruck,#Awe #Breathtaking,1,0,0,0,17,0.0844435676506667,0.16426084901919003,2023,2,15,20
Disappointed with the service at a local restaurant.,FoodieGoneWrong,#Disappointed #BadService,0,0,1,13,54,-0.5011118286338844,-0.5661199648429038,2023,2,16,9
A surprise gift from a friend made my day!,HappySurprise,#Surprise #Gift,0,1,0,32,174,0.52361011486408,0.529451255950237,2023,2,16,14
Finding acceptance in the midst of life's challenges.,AcceptanceSeeker,#Acceptance #Challenges,1,0,0,5,0,-0.9402783758472977,-0.9313103717739508,2023,2,16,18
Overflowing with adoration for my adorable pet! 🐾,PetAdorer,#Adoration #PetLove,0,0,1,31,3,0.0844435676506667,0.16426084901919003,2023,2,17,10
Anticipating a thrilling adventure in the coming weeks.,AdventureAwaits,#Anticipation #Adventure,0,1,0,32,11,-0.20833413049160884,-0.20092955791185693,2023,2,17,7
A bitter experience turned into a valuable lesson.,LearnFromBitter,#BitterLesson #Growth,1,0,0,32,20,-0.5011118286338844,-0.5661199648429038,2023,2,17,15
Finding calmness in the midst of a busy day.,ZenMaster,#Calmness #PeacefulMind,0,0,1,13,26,-0.9402783758472977,-0.9313103717739508,2023,2,18,9
Confusion clouds my mind as I navigate through decisions.,ConfusedMind,#Confusion #DecisionMaking,0,1,0,31,37,0.52361011486408,0.529451255950237,2023,2,18,14
Excitement building up for the upcoming vacation!,VacationDreamer,#Excitement #TravelPlans,1,0,0,5,76,0.0844435676506667,0.16426084901919003,2023,2,18,18
Kindness witnessed today restored my faith in humanity.,KindnessPrevails,#Kindness #Humanity,0,0,1,32,119,-0.20833413049160884,-0.20092955791185693,2023,2,19,11
Pride in achieving a personal milestone.,PersonalAchiever,#Pride #Milestone,0,1,0,0,149,1.255554360219769,1.2598320698123309,2023,2,19,16
A moment of shame for not standing up against injustice.,ReflectiveSelf,#Shame #Injustice,1,0,0,13,167,-0.9402783758472977,-0.9313103717739508,2023,2,19,19
Fuming with anger after a heated argument.,AngryDebater,#Anger #Argument,0,0,1,5,10,-0.20833413049160884,-0.20092955791185693,2023,2,20,9
The fear of the unknown is keeping me up at night.,FearfulDreamer,#Fear #Unknown,0,1,0,32,79,-0.9402783758472977,-0.9313103717739508,2023,2,20,21
Heartfelt sadness after bidding farewell to a dear friend.,FarewellHeart,#Sadness #Farewell,1,0,0,13,164,0.52361011486408,0.529451255950237,2023,2,21,14
The state of corruption in our society is utterly disgusting.,AntiCorruption,#Disgust #Corruption,0,0,1,31,56,-0.5011118286338844,-0.5661199648429038,2023,2,21,18
Overflowing happiness: welcoming a new family member!,NewParentJoy,#Happiness #NewFamilyMember,0,1,0,31,92,1.255554360219769,1.2598320698123309,2023,2,22,10
Laughter is the key to joy—attending a stand-up comedy show.,StandUpFan,#Joy #StandUpComedy,1,0,0,5,116,0.0844435676506667,0.16426084901919003,2023,2,22,19
Sending love to all my followers on this beautiful day! ❤️,LoveSender,#Love #SpreadLove,0,0,1,0,124,-0.9402783758472977,-0.9313103717739508,2023,2,23,8
Amused by the antics of my pet—it's pure amusement!,PetAmuser,#Amusement #PetAntics,0,1,0,31,9,-0.5011118286338844,-0.5661199648429038,2023,2,23,14
Enjoying every moment of this trip—pure enjoyment!,TravelExplorer,#Enjoyment #Travel,1,0,0,32,70,0.52361011486408,0.529451255950237,2023,2,23,19
Admiring the dedication of volunteers at a local charity.,CharityAdmirer,#Admiration #Volunteers,0,0,1,32,2,-0.20833413049160884,-0.20092955791185693,2023,2,24,11
Sending affectionate vibes to friends and family.,FamilyLover,#Affection #FamilyLove,0,1,0,32,6,-0.9402783758472977,-0.9313103717739508,2023,2,24,16
Awe-struck by the beauty of the night sky.,Stargazer,#Awe #StarryNight,1,0,0,0,17,0.0844435676506667,0.16426084901919003,2023,2,24,20
Disappointed with the lack of progress in a personal project.,ProjectStruggle,#Disappointed #Project,0,0,1,13,54,-0.5011118286338844,-0.5661199648429038,2023,2,25,9
A surprise visit from an old friend brought tears of joy.,JoyfulReunion,#Surprise #OldFriends,0,1,0,32,174,0.52361011486408,0.529451255950237,2023,2,25,14
Embracing acceptance of life's ups and downs.,LifeAcceptance,#Acceptance #LifeJourney,1,0,0,5,0,-0.9402783758472977,-0.9313103717739508,2023,2,25,18
Overflowing adoration for a cute rescue puppy! 🐶,PuppyAdmirer,#Adoration #PuppyLove,0,0,1,31,3,0.0844435676506667,0.16426084901919003,2023,2,26,10
Anticipating the release of a much-awaited movie.,MovieBuff2,#Anticipation #MovieRelease,0,1,0,0,11,-0.20833413049160884,-0.20092955791185693,2023,2,26,7
Bitter experience at the customer service department.,CustomerWoes,#BitterExperience #CustomerService,1,0,0,32,20,-0.5011118286338844,-0.5661199648429038,2023,2,26,15
Finding calmness amidst the chaos of daily life.,CalmSoul,#Calmness #InnerPeace,0,0,1,13,26,-0.9402783758472977,-0.9313103717739508,2023,2,27,9
Confusion reigns as I try to make sense of recent events.,ConfusedMind2,#Confusion #MakingSense,0,1,0,31,37,0.52361011486408,0.529451255950237,2023,2,27,14
Excitement building up for a surprise birthday party.,BirthdayExcite,#Excitement #SurpriseParty,1,0,0,5,76,0.0844435676506667,0.16426084901919003,2023,2,27,18
Witnessed an act of kindness that made my day.,KindnessObserver,#Kindness #ActsOfKindness,0,0,1,32,119,-0.20833413049160884,-0.20092955791185693,2023,2,28,11
Pride in completing a challenging fitness challenge.,FitAchiever,#Pride #FitnessChallengeCompleted,0,1,0,31,149,1.255554360219769,1.2598320698123309,2023,2,28,16
A moment of shame for not speaking up against injustice.,ReflectiveSelf2,#Shame #Injustice,1,0,0,13,167,-0.9402783758472977,-0.9313103717739508,2023,2,28,19
Reflecting on the beauty of diversity in our world.,DiversityLover,#Acceptance #Diversity,0,0,1,0,0,0.0844435676506667,0.16426084901919003,2023,3,1,10
Excitement for a quiet evening with a good book.,BookwormJoy,#Excitement #BookTime,0,1,0,32,76,-0.5011118286338844,-0.5661199648429038,2023,3,1,13
Feeling bitter about the unfairness in the workplace.,WorkplaceWoes,#Bitter #Unfairness,0,0,1,5,20,-0.9402783758472977,-0.9313103717739508,2023,3,1,17
Calmness prevails as I practice mindfulness.,MindfulMe,#Calmness #Mindfulness,1,0,0,31,26,-0.9402783758472977,-0.9313103717739508,2023,3,2,18
Confusion surrounds me as I navigate through life's choices.,ConfusedMind3,#Confusion #LifeChoices,0,1,0,32,37,1.255554360219769,1.2598320698123309,2023,3,2,13
Excitement for a weekend road trip to explore new places.,RoadTripper2,#Excitement #WeekendAdventure,0,0,1,13,76,0.52361011486408,0.529451255950237,2023,3,2,16
Kindness witnessed today restores my faith in humanity.,KindnessPrevails2,#Kindness #HumanityRestored,1,0,0,32,119,0.0844435676506667,0.16426084901919003,2023,3,3,11
Pride in accomplishing personal and professional goals.,GoalAchiever,#Pride #Accomplishments,0,1,0,5,149,-1.379444923060711,-1.2965007787049978,2023,3,3,14
Shame for not being true to my values in a difficult situation.,ReflectiveSelf3,#Shame #Integrity,0,0,1,31,167,-0.9402783758472977,-0.9313103717739508,2023,3,3,12
"Revisiting old memories, feeling a sense of elation.",NostalgiaFan,#Elation #Memories,0,0,1,5,60,-0.20833413049160884,-0.20092955791185693,2010,5,15,15
The victory of our team brought euphoria to the city.,SportsFanatic,#Euphoria #Victory,0,1,0,32,75,-0.9402783758472977,-0.9313103717739508,2021,8,10,21
"Embracing the beauty of nature, a moment of contentment.",NatureLover2,#Contentment #Nature,1,0,0,13,40,0.52361011486408,0.529451255950237,2011,6,20,14
"Meditating by the serene lake, finding inner peace.",ZenMaster2,#Serenity #Meditation,0,0,1,31,166,-0.5011118286338844,-0.5661199648429038,2022,2,12,18
Overflowing with gratitude for life's blessings.,ThankfulHeart,#Gratitude #Blessed,0,1,0,0,90,1.255554360219769,1.2598320698123309,2012,11,25,10
"Hopeful for a brighter tomorrow, despite challenges.",OptimisticSoul,#Hope #Optimism,1,0,0,32,100,0.0844435676506667,0.16426084901919003,2013,4,5,19
Empowered to make a difference in my community.,CommunityLeader,#Empowerment #Community,0,0,1,31,66,-0.9402783758472977,-0.9313103717739508,2014,9,14,8
Compassion in action: supporting a local charity event.,CharitySupporter,#Compassion #CharityEvent,0,1,0,5,33,-0.5011118286338844,-0.5661199648429038,2015,7,18,14
"A moment of tenderness, connecting with loved ones.",LovingHeart,#Tenderness #FamilyTime,1,0,0,31,177,0.52361011486408,0.529451255950237,2016,2,23,19
Arousal of excitement as I await a special announcement.,ExcitementFan,#Arousal #Excitement,0,0,1,0,15,-0.20833413049160884,-0.20092955791185693,2017,10,30,11
Enthusiastically diving into a new project.,ProjectEnthusiast,#Enthusiasm #NewProject,0,1,0,32,71,-0.9402783758472977,-0.9313103717739508,2018,6,15,16
Feeling a sense of fulfillment after reaching a milestone.,MilestoneAchiever,#Fulfillment #Milestone,1,0,0,13,87,0.0844435676506667,0.16426084901919003,2019,3,28,18
Reverence for the beauty of a historic landmark.,HistoryLover,#Reverence #History,0,0,1,31,159,-0.5011118286338844,-0.5661199648429038,2019,11,11,15
Elation after a surprise reunion with old friends.,JoyfulReunion2,#Elation #OldFriends,0,1,0,5,60,0.52361011486408,0.529451255950237,2020,4,2,9
The euphoria of a live music concert under the stars.,MusicEnthusiast,#Euphoria #LiveMusic,1,0,0,32,75,-0.9402783758472977,-0.9313103717739508,2021,6,19,14
Contentment in the simplicity of a quiet Sunday.,SimpleJoys,#Contentment #SundayMood,0,0,1,0,40,1.255554360219769,1.2598320698123309,2010,8,15,10
Serenity found in the pages of a favorite book.,BookLover3,#Serenity #BookTime,0,1,0,31,166,0.0844435676506667,0.16426084901919003,2011,9,22,19
Gratitude for the support received during tough times.,SupportiveFriend,#Gratitude #Supportive,1,0,0,13,90,-0.9402783758472977,-0.9313103717739508,2012,3,10,8
Hopeful about the possibilities of a new journey.,JourneyOptimist,#Hope #NewBeginnings,0,0,1,5,100,-0.5011118286338844,-0.5661199648429038,2013,12,5,16
Empowerment through learning and personal growth.,GrowthSeeker,#Empowerment #PersonalGrowth,0,1,0,32,66,0.52361011486408,0.529451255950237,2014,7,20,11
Compassion towards those in need during the holidays.,HolidayHelper,#Compassion #HolidaySupport,1,0,0,32,33,-0.5011118286338844,-0.5661199648429038,2015,12,22,14
Tenderness in the warmth of a cozy winter evening.,WinterWarmth,#Tenderness #CozyEvening,0,0,1,31,177,0.52361011486408,0.529451255950237,2016,2,10,19
Arousal of excitement for an upcoming adventure.,AdventureAwaits,#Arousal #AdventureTime,0,1,0,0,15,-0.20833413049160884,-0.20092955791185693,2017,4,30,11
Enthusiasm for a creative project in the making.,CreativeSpirit,#Enthusiasm #Creativity,1,0,0,5,71,-0.9402783758472977,-0.9313103717739508,2018,9,15,16
Fulfillment in completing a challenging workout routine.,FitnessAchiever,#Fulfillment #FitnessGoals,0,0,1,13,87,0.0844435676506667,0.16426084901919003,2019,6,28,18
Reverence for the artistry displayed in a museum.,ArtAppreciator,#Reverence #ArtAppreciation,0,1,0,31,159,-0.5011118286338844,-0.5661199648429038,2020,11,11,15
Elation after achieving a personal goal.,GoalAchiever2,#Elation #PersonalAchievement,1,0,0,32,60,0.52361011486408,0.529451255950237,2021,3,2,9
Elation over discovering a hidden gem in the city.,UrbanExplorer2,#Elation #HiddenGem,0,0,1,32,60,-0.20833413049160884,-0.20092955791185693,2012,2,18,14
The euphoria of a surprise birthday celebration.,BirthdayJoy,#Euphoria #BirthdaySurprise,0,1,0,31,75,-0.9402783758472977,-0.9313103717739508,2018,11,5,21
Contentment in the simplicity of a home-cooked meal.,HomeChef,#Contentment #HomeCooking,1,0,0,13,40,0.52361011486408,0.529451255950237,2015,9,12,13
Serenity found in the melody of a peaceful piano.,MusicLover4,#Serenity #PeacefulMelody,0,0,1,5,166,-0.5011118286338844,-0.5661199648429038,2016,7,30,18
Gratitude for the supportive community around me.,CommunityLove,#Gratitude #CommunitySupport,0,1,0,32,90,1.255554360219769,1.2598320698123309,2013,4,20,10
Hopeful about the prospects of a new business venture.,EntrepreneurHope,#Hope #BusinessVenture,1,0,0,5,100,0.0844435676506667,0.16426084901919003,2017,12,8,19
Empowerment through mentoring and guiding others.,MentorEmpower,#Empowerment #Mentorship,0,0,1,31,66,-0.9402783758472977,-0.9313103717739508,2014,6,3,8
Compassion shown through acts of kindness in the community.,KindnessInAction,#Compassion #CommunityKindness,0,1,0,0,33,-0.5011118286338844,-0.5661199648429038,2019,1,15,14
Tenderness in a heartfelt message to a loved one.,LoveExpress,#Tenderness #LoveNote,1,0,0,31,177,0.52361011486408,0.529451255950237,2016,12,25,19
Arousal of excitement before a much-awaited trip.,TravelExcitement,#Arousal #TravelAdventure,0,0,1,13,15,-0.20833413049160884,-0.20092955791185693,2018,3,10,9
Enthusiasm for a new artistic project in the works.,ArtisticSpirit,#Enthusiasm #ArtisticProject,0,1,0,32,71,-0.9402783758472977,-0.9313103717739508,2020,9,17,16
Feeling a sense of fulfillment after helping others.,HelperHeart,#Fulfillment #HelpingOthers,1,0,0,5,87,0.0844435676506667,0.16426084901919003,2011,8,28,18
Reverence for the historical significance of a landmark.,HistoryBuff,#Reverence #HistoricalSite,0,0,1,0,159,-0.5011118286338844,-0.5661199648429038,2017,11,1,15
Elation after achieving a fitness milestone.,FitnessAchiever2,#Elation #FitnessMilestone,0,1,0,31,60,0.52361011486408,0.529451255950237,2019,6,15,10
The euphoria of a successful product launch.,ProductLaunchJoy,#Euphoria #ProductLaunchSuccess,1,0,0,32,75,-0.9402783758472977,-0.9313103717739508,2022,4,3,11
Contentment in the embrace of a loved one.,LovingEmbrace,#Contentment #Love,0,0,1,13,40,1.255554360219769,1.2598320698123309,2010,11,12,20
Serenity found in the beauty of a sunset by the sea.,SunsetWatcher2,#Serenity #SunsetViews,0,1,0,5,166,0.0844435676506667,0.16426084901919003,2011,7,22,18
Gratitude for the small joys that each day brings.,JoyfulHeart2,#Gratitude #SmallJoys,1,0,0,0,90,-0.9402783758472977,-0.9313103717739508,2012,3,30,11
Hopeful about the potential for personal growth.,GrowthOptimist,#Hope #PersonalDevelopment,0,0,1,31,100,-0.5011118286338844,-0.5661199648429038,2013,10,5,16
Empowerment through learning a new skill.,SkillEmpower,#Empowerment #SkillBuilding,0,1,0,13,66,0.52361011486408,0.529451255950237,2014,7,10,13
Compassion in volunteering for a local charity.,CharityVolunteer,#Compassion #VolunteerWork,1,0,0,32,33,-0.5011118286338844,-0.5661199648429038,2015,12,18,14
Tenderness in a quiet moment shared with a pet.,PetLove,#Tenderness #PetLove,0,0,1,5,177,0.52361011486408,0.529451255950237,2016,2,10,19
Arousal of excitement for an upcoming festival.,FestivalFan,#Arousal #FestivalExcitement,0,1,0,31,15,-0.20833413049160884,-0.20092955791185693,2017,9,25,11
Enthusiasm for a DIY home improvement project.,DIYEnthusiast,#Enthusiasm #HomeImprovement,1,0,0,0,71,-0.9402783758472977,-0.9313103717739508,2018,4,15,16
Fulfillment in completing a challenging puzzle.,PuzzleMaster,#Fulfillment #PuzzleChallenge,0,0,1,13,87,0.0844435676506667,0.16426084901919003,2019,11,28,18
Reverence for the wonders of nature on a hiking trail.,NatureAdmirer,#Reverence #NatureExploration,0,1,0,32,159,-0.5011118286338844,-0.5661199648429038,2020,5,11,15
Elation after a surprise reunion with a childhood friend.,ChildhoodJoy,#Elation #FriendshipReunion,1,0,0,5,60,0.52361011486408,0.529451255950237,2021,2,5,9
Suffering from despair after another setback.,StrugglingSoul,#Despair #Struggle,0,0,1,32,50,-2.129687774550292,-2.255125596898996,2021,3,10,8
"Overwhelmed by grief, missing a loved one dearly.",MourningHeart,#Grief #Loss,0,1,0,5,91,-1.965000319345262,-2.0268815925670918,2022,7,5,15
Loneliness creeps in as the night grows colder.,SolitarySoul,#Loneliness #Isolation,1,0,0,31,121,-1.6722226212029865,-1.6616911856360448,2019,11,18,21
Jealousy consumes me as I witness others' success.,EnviousObserver,#Jealousy #Envy,0,0,1,13,114,-1.379444923060711,-1.2965007787049978,2020,8,12,11
Resentment building up over past betrayals.,BitterHeart,#Resentment #Bitterness,0,1,0,0,157,-2.1113891684164,-2.0268815925670918,2018,5,22,14
Frustration mounts as obstacles block my path.,BlockedGoals,#Frustration #Obstacles,1,0,0,32,86,-1.6722226212029865,-1.6616911856360448,2017,1,30,16
"Boredom sets in, the day feels endlessly dull.",BoredMind,#Boredom #LackOfInterest,0,0,1,5,24,-1.965000319345262,-2.0268815925670918,2016,9,28,19
"Anxiety grips my heart, worry clouds my thoughts.",WorriedMind,#Anxiety #Worry,0,1,0,31,12,-1.379444923060711,-1.2965007787049978,2019,4,15,9
Intimidation by the unknown future ahead.,FearfulSoul,#Intimidation #Fear,1,0,0,13,110,-0.9402783758472977,-0.9313103717739508,2021,12,3,18
Helplessness sinks in as challenges pile up.,OverwhelmedHeart,#Helplessness #Overwhelmed,0,0,1,0,99,-1.965000319345262,-2.0268815925670918,2020,6,20,14
Envy eats away at me as I see others' prosperity.,CovetousMind,#Envy #Desire,0,1,0,5,74,-1.6722226212029865,-1.6616911856360448,2018,11,7,11
Regret over missed opportunities haunts my thoughts.,RemorsefulSoul,#Regret #MissedChances,1,0,0,31,153,-1.379444923060711,-1.2965007787049978,2017,8,25,16
Disgust at the sight of injustice and cruelty.,DisgustedHeart,#Disgust #Injustice,0,0,1,13,56,-2.1113891684164,-2.0268815925670918,2019,2,11,9
"Drowning in despair, hope slipping through my fingers.",HopelessHeart,#Despair #Hopeless,0,1,0,32,50,-1.6722226212029865,-1.6616911856360448,2016,4,2,20
"Grief weighs heavy, tears a constant companion.",TearfulSoul,#Grief #Tears,1,0,0,5,91,-1.379444923060711,-1.2965007787049978,2015,10,18,15
"Loneliness in a crowded room, a silent cry for connection.",IsolatedMind,#Loneliness #SeekingConnection,0,0,1,31,121,-0.9402783758472977,-0.9313103717739508,2019,7,12,18
"Jealousy gnaws at my confidence, a toxic emotion.",SelfDoubt,#Jealousy #Insecurity,0,1,0,13,114,-1.965000319345262,-2.0268815925670918,2018,6,3,16
"Resentment festers, poisoning relationships.",BrokenTrust,#Resentment #BrokenTrust,1,0,0,0,157,-1.6722226212029865,-1.6616911856360448,2022,1,15,12
"Frustration boils over, a volcanic eruption of emotions.",ExplosiveMind,#Frustration #EmotionalOutburst,0,0,1,32,86,-1.379444923060711,-1.2965007787049978,2017,4,10,14
"Boredom settles like dust, life feels mundane.",MundaneHeart,#Boredom #Monotony,0,1,0,5,24,-2.1113891684164,-2.0268815925670918,2016,11,28,19
"Anxiety grips my chest, a relentless grip on my thoughts.",RestlessMind,#Anxiety #Restlessness,1,0,0,31,12,-1.6722226212029865,-1.6616911856360448,2018,9,5,9
"Intimidation by the challenges ahead, fear takes hold.",FearfulJourney,#Intimidation #FacingFear,0,0,1,13,110,-0.9402783758472977,-0.9313103717739508,2021,10,22,18
"Helplessness engulfs me, drowning in a sea of problems.",OverwhelmedSoul,#Helplessness #Struggling,0,1,0,0,99,-1.965000319345262,-2.0268815925670918,2019,5,8,14
"Envy poisons my thoughts, coveting others' success.",GreenEyedMonster,#Envy #Success,1,0,0,5,74,-1.6722226212029865,-1.6616911856360448,2017,3,20,11
Regret for decisions that led to a painful present.,RegretfulMind,#Regret #PastChoices,0,0,1,32,153,-1.379444923060711,-1.2965007787049978,2018,12,15,16
Disgust at the corruption that stains society.,CorruptedHeart,#Disgust #Corruption,0,1,0,31,56,-2.1113891684164,-2.0268815925670918,2016,7,1,9
"Sinking in despair, each day darker than the last.",DrowningSoul,#Despair #DarkDays,1,0,0,13,50,-1.6722226212029865,-1.6616911856360448,2020,8,20,20
"Grief overwhelms, a storm of emotions within.",StormyHeart,#Grief #EmotionalStorm,0,0,1,5,91,-1.379444923060711,-1.2965007787049978,2021,2,25,15
"Loneliness echoes in empty spaces, yearning for connection.",EchoingSoul,#Loneliness #YearningForConnection,0,1,0,0,121,-0.9402783758472977,-0.9313103717739508,2019,9,12,18
"Jealousy poisons my thoughts, resentment brewing within.",PoisonedMind,#Jealousy #Resentment,1,0,0,32,114,-1.965000319345262,-2.0268815925670918,2018,8,5,16
"Resentment festers, a wound that refuses to heal.",UnforgivingSoul,#Resentment #Unforgiving,0,0,1,13,157,-1.6722226212029865,-1.6616911856360448,2017,1,12,12
"Frustration escalates, a thunderstorm of emotions.",ThunderingMind,#Frustration #EmotionalOutburst,0,1,0,31,86,-1.379444923060711,-1.2965007787049978,2022,4,5,14
"Boredom lingers, a stagnant pool of indifference.",StagnantHeart,#Boredom #Stagnation,1,0,0,5,24,-2.1113891684164,-2.0268815925670918,2021,10,2,19
"Embarking on a journey of discovery, fueled by curiosity and a thirst for knowledge.",InquisitiveMind,#Curiosity #Learning,0,0,1,32,46,-0.9402783758472977,-0.9313103717739508,2023,4,15,10
"Lost in the vast sea of information, an indifferent wave in the digital ocean.",ApatheticObserver,#Indifference #DigitalOverload,0,1,0,5,106,-2.1113891684164,-2.0268815925670918,2022,11,28,17
"The complex puzzle of life leaves me in a state of perpetual confusion, seeking answers in the chaos.",SeekingClarity,#Confusion #LifePuzzle,1,0,0,31,37,-1.6722226212029865,-1.6616911856360448,2020,4,2,9
"A numbness settles over me, a shield against the overwhelming emotions life throws my way.",EmotionallyDistant,#Numbness #EmotionalShield,0,0,1,13,137,-1.965000319345262,-2.0268815925670918,2021,8,10,14
"Gazing at the sunset, a melancholic longing for moments that slip through the fingers of time.",SunsetDreamer,#Melancholy #SunsetMoments,0,1,0,0,126,-1.379444923060711,-1.2965007787049978,2019,6,18,20
"Revisiting old photographs, caught in the embrace of nostalgia's bittersweet symphony.",MemoryLaneTraveler,#Nostalgia #MemoryLane,1,0,0,32,136,-1.6722226212029865,-1.6616911856360448,2018,2,5,15
"Torn between conflicting emotions, an ambivalence that paints my decisions in shades of uncertainty.",MixedFeelings,#Ambivalence #UncertainChoices,0,0,1,5,8,-1.379444923060711,-1.2965007787049978,2022,5,30,11
"Embracing the ebb and flow of life, finding acceptance in the dance of existence.",ZenLifestyle,#Acceptance #LifeJourney,0,1,0,31,0,-0.9402783758472977,-0.9313103717739508,2023,1,10,16
"Facing challenges head-on, a determination that fuels the fire within to achieve the impossible.",ResilientSpirit,#Determination #AchieveTheImpossible,1,0,0,13,52,-1.6722226212029865,-1.6616911856360448,2020,9,18,13
"Serenity found in the stillness of nature, a tranquil retreat from the chaos of the modern world.",NatureSoul,#Serenity #NatureRetreat,0,0,1,0,166,-1.379444923060711,-1.2965007787049978,2021,7,3,19
"Curiosity leading me down the rabbit hole of knowledge, a perpetual student in life's classroom.",EternalLearner,#Curiosity #KnowledgeQuest,0,1,0,32,46,-0.20833413049160884,-0.20092955791185693,2022,10,8,8
"Floating through the day with an air of indifference, detached from the mundane happenings around.",AloofObserver,#Indifference #FloatingThroughLife,1,0,0,5,106,-1.6722226212029865,-1.6616911856360448,2023,3,22,16
"Entangled in the web of thoughts, confusion reigning as I navigate the labyrinth of ideas.",ThoughtExplorer,#Confusion #ThoughtLabyrinth,0,0,1,31,37,-0.9402783758472977,-0.9313103717739508,2021,5,15,11
"Numb to the chaos, emotions locked away, a stoic facade concealing the inner turmoil.",StoicSoul,#Numbness #StoicFacade,0,1,0,0,137,-1.965000319345262,-2.0268815925670918,2019,12,28,14
"Melancholy whispers in the breeze, a silent conversation with the echoes of forgotten dreams.",DreamerInSilence,#Melancholy #WhispersInTheBreeze,1,0,0,13,126,-1.379444923060711,-1.2965007787049978,2020,3,1,19
"Stumbling upon an old journal, nostalgia flooding in waves, carrying me to moments long gone.",JournalKeeper,#Nostalgia #JournalMoments,0,0,1,5,136,-1.6722226212029865,-1.6616911856360448,2018,7,10,15
"A tapestry of conflicting feelings, weaving through uncertainty, caught in the threads of ambivalence.",ThreadWeaver,#Ambivalence #ConflictingFeelings,0,1,0,31,8,-1.379444923060711,-1.2965007787049978,2022,1,5,10
"Embracing the flaws, finding acceptance in imperfection, a journey towards self-love.",SelfLoveAdvocate,#Acceptance #SelfLoveJourney,1,0,0,0,0,-0.9402783758472977,-0.9313103717739508,2021,8,20,16
"Determination burning like a wildfire, overcoming obstacles, turning dreams into reality.",DreamChaser,#Determination #DreamsIntoReality,0,0,1,32,52,-0.5011118286338844,-0.5661199648429038,2019,11,3,13
"Tranquil moments by the ocean, serenity washing over, a peaceful retreat within the waves' embrace.",OceanSoul,#Serenity #OceanRetreat,0,1,0,5,166,0.52361011486408,0.529451255950237,2020,4,12,19
"Exploring new horizons with the spark of curiosity, an adventurer in the vast landscape of knowledge.",HorizonExplorer,#Curiosity #NewHorizons,1,0,0,13,46,0.0844435676506667,0.16426084901919003,2022,4,15,8
"Drifting through the day with a nonchalant demeanor, embracing the art of indifference.",NonchalantSpirit,#Indifference #DriftingThroughLife,0,0,1,31,106,-1.8186114702741243,-1.8077673484084635,2023,2,10,17
"Wrestling with thoughts, a perplexed mind lost in the labyrinth of life's complexities.",ComplexThinker,#Confusion #PerplexedMind,0,1,0,0,37,-1.0866672249184355,-1.0773865345463696,2020,8,5,12
"Immersed in a state of emotional numbness, a shield against the storm of daily struggles.",ShieldedHeart,#Numbness #EmotionalShield,1,0,0,32,137,-1.6722226212029865,-1.6616911856360448,2021,12,1,15
"A melancholic symphony playing in the background, the soundtrack of a wistful heart.",SymphonySoul,#Melancholy #WistfulHeart,0,0,1,5,126,-1.2330560739895733,-1.2234626973187883,2019,3,25,21
"Flipping through the pages of an old yearbook, nostalgia painting smiles and tears on my face.",YearbookExplorer,#Nostalgia #YearbookMemories,0,1,0,13,136,-1.379444923060711,-1.2965007787049978,2017,6,18,14
"Torn between opposing emotions, an ambivalence that colors my decisions with shades of uncertainty.",DecisiveDilemma,#Ambivalence #ShadesOfUncertainty,1,0,0,0,8,-0.9402783758472977,-0.9313103717739508,2022,7,8,11
"Embracing life's imperfections, finding acceptance in the journey, scars and all.",ImperfectHarmony,#Acceptance #ImperfectJourney,0,0,1,5,0,-0.5011118286338844,-0.49308188345669446,2023,5,15,16
"A fiery determination burning within, fueled by the vision of reaching unparalleled heights.",VisionarySpirit,#Determination #UnparalleledHeights,0,1,0,31,52,-0.20833413049160884,-0.20092955791185693,2021,9,10,14
"Basking in the serenity of a quiet forest, where the whispers of nature bring peace to the soul.",ForestDreamer,#Serenity #NatureWhispers,1,0,0,32,166,0.52361011486408,0.529451255950237,2020,2,28,18
"Indifferent to the noise of the world, a silent observer in the midst of life's cacophony.",SilentSpectator,#Indifference #SilentObserver,0,1,0,13,106,-1.8186114702741243,-1.8077673484084635,2023,3,10,16
"Navigating through the labyrinth of thoughts, confusion a constant companion in the maze of ideas.",MazeNavigator,#Confusion #ThoughtLabyrinth,1,0,0,0,37,-1.0866672249184355,-1.0773865345463696,2021,5,2,11
"An impenetrable numbness shields me from the emotional storms, a fortress of stoic resilience.",ResilientFortress,#Numbness #StoicResilience,0,0,1,31,137,-1.5258337721318487,-1.5156150228636258,2019,10,18,14
"Melancholy painting the world in hues of nostalgia, a canvas of bittersweet memories.",CanvasDreamer,#Melancholy #BittersweetMemories,0,1,0,32,126,-1.2330560739895733,-1.2234626973187883,2020,1,5,20
"A journey into the past, flipping through the pages of an old diary, nostalgia taking the lead.",DiaryExplorer,#Nostalgia #DiaryJourney,1,0,0,5,136,-1.379444923060711,-1.2965007787049978,2018,8,10,15
"Ambivalence clouding decisions, caught in the crossroads of conflicting emotions.",CrossroadsTraveler,#Ambivalence #ConflictingEmotions,0,0,1,13,8,-0.9402783758472977,-0.9313103717739508,2022,1,15,10
"Embracing imperfections, finding acceptance in the mosaic of life's beautiful chaos.",MosaicDreamer,#Acceptance #BeautifulChaos,0,1,0,0,0,-0.5011118286338844,-0.49308188345669446,2021,7,20,16
"Determination as the driving force, propelling me forward on the path to extraordinary achievements.",PathfinderSpirit,#Determination #ExtraordinaryPath,1,0,0,32,52,-0.20833413049160884,-0.20092955791185693,2019,12,3,13
"Seeking serenity in the melody of raindrops, a tranquil escape from the noise of everyday life.",RaindropHarmony,#Serenity #RaindropMelody,0,0,1,5,166,0.52361011486408,0.529451255950237,2020,4,12,19
"Curiosity driving the exploration of the unknown, a seeker of knowledge in uncharted territories.",SeekerOfUnknowns,#Curiosity #SeekerOfKnowledge,0,1,0,31,46,0.0844435676506667,0.16426084901919003,2022,5,8,8
"Drifting through the day with an air of nonchalance, indifferent to the trivialities of life.",NonchalantWanderer,#Indifference #DriftingThroughLife,1,0,0,13,106,-1.8186114702741243,-1.8077673484084635,2023,2,22,17
"Lost in the labyrinth of thoughts, confusion casting shadows on the quest for clarity.",ShadowedSeeker,#Confusion #LabyrinthOfThoughts,0,0,1,0,37,-1.0866672249184355,-1.0773865345463696,2020,6,5,12
"Wrapped in the cloak of emotional numbness, a shield against the storms of life's turbulence.",TurbulentShield,#Numbness #EmotionalStorms,0,1,0,5,137,-1.6722226212029865,-1.6616911856360448,2021,11,30,15
"Melancholy as a companion, painting the canvas of life with the brushstrokes of wistful yearning.",WistfulPainter,#Melancholy #WistfulYearning,1,0,0,31,126,-1.2330560739895733,-1.2234626973187883,2019,2,25,21
"Leafing through the pages of an old photo album, nostalgia weaving tales of laughter and tears.",TaleWeaver,#Nostalgia #PhotoAlbumStories,0,0,1,32,136,-1.379444923060711,-1.2965007787049978,2017,5,18,14
"Ambivalence in the air, caught between the crossroads of conflicting emotions and decisions.",CrossroadsExplorer,#Ambivalence #CrossroadsConfusion,0,1,0,5,8,-0.9402783758472977,-0.9313103717739508,2022,8,5,11
"Embracing the beauty in imperfections, finding acceptance in the mosaic of life's unpredictable art.",MosaicArtist,#Acceptance #UnpredictableArt,1,0,0,0,0,-0.5011118286338844,-0.49308188345669446,2023,6,15,16
"Determination ablaze, forging a path through challenges, sculpting dreams into tangible realities.",DreamSculptor,#Determination #SculptingDreams,0,0,1,31,52,-0.20833413049160884,-0.20092955791185693,2021,10,10,14
"Immerse in the serenity of a moonlit night, where the quiet whispers of nature bring peace to the soul.",MoonlitSoul,#Serenity #MoonlitPeace,0,1,0,32,166,0.52361011486408,0.529451255950237,2020,5,12,19
"Fueled by curiosity, venturing into uncharted realms, a fearless explorer of the mysteries of the world.",FearlessExplorer,#Curiosity #FearlessExplorer,1,0,0,13,46,0.0844435676506667,0.09122276763298064,2022,12,1,9
"Wrapped in the cloak of emotional numbness, a shield against the storms of life's turbulence.",TurbulentShield,#Numbness #EmotionalStorms,0,1,0,5,137,-1.6722226212029865,-1.6616911856360448,2021,11,30,15
"Dancing through life with the exuberance of a carefree spirit, embracing joy and zest at every turn.",JoyfulDancer,#Zest #CarefreeSpirit,0,0,1,32,190,-0.9402783758472977,-0.9313103717739508,2018,7,12,17
"Basking in the golden glow of contentment, a serene river flowing through the landscape of the heart.",SereneBasker,#Contentment #GoldenGlow,1,0,0,0,40,-0.5011118286338844,-0.49308188345669446,2020,9,5,20
"Gazing towards the horizon with hopeful eyes, painting a canvas of dreams illuminated by the sun of optimism.",DreamPainter,#Hopeful #CanvasOfDreams,0,1,0,13,101,-1.379444923060711,-1.369538860091207,2022,4,18,8
"Standing tall, proud as an oak, the branches of achievement reaching towards the sky of accomplishment.",OakAchiever,#Proud #BranchesOfAchievement,0,0,1,5,150,0.52361011486408,0.529451255950237,2019,12,10,12
"A heart overflowing with gratitude, a garden where appreciation blooms in the soil of kindness and connection.",HeartGardener,#Grateful #BlossomingConnection,1,0,0,32,89,-0.20833413049160884,-0.20092955791185693,2023,2,28,9
"Extending a hand, empathetic threads weaving a tapestry of understanding, embracing the joys and sorrows of others.",ThreadWeaver,#Empathetic #TapestryOfUnderstanding,0,1,0,31,65,-0.9402783758472977,-0.9313103717739508,2018,4,3,14
"Compassionate clouds, heavy with care, showering empathy on the parched grounds of human suffering.",CloudCaretaker,#Compassionate #ShowerOfEmpathy,0,0,1,0,34,-0.5011118286338844,-0.49308188345669446,2022,6,20,10
"Playfully dancing in the rain of laughter, a whimsical spirit twirling in the puddles of joy and lightheartedness.",RainDancer,#Playful #DanceInTheRain,1,0,0,5,144,0.0844435676506667,0.09122276763298064,2020,7,8,18
"Soaring on the wings of a free spirit, unburdened by the chains of conformity, painting the sky with independence.",SkyPainter,#FreeSpirit #PaintingTheSky,0,1,0,13,82,-0.20833413049160884,-0.20092955791185693,2021,8,15,11
"Bathed in the glow of inspiration, a creative phoenix rising from the ashes of ordinary thoughts to explore new realms.",PhoenixExplorer,#Inspired #CreativePhoenix,0,0,1,31,109,-0.9402783758472977,-0.9313103717739508,2019,10,25,16
"Navigating the sea of hope, sailing towards the sunrise of possibilities, confident in the ship of positive anticipation.",SunriseNavigator,#Hopeful #SunriseOfPossibilities,1,0,0,32,101,-1.379444923060711,-1.369538860091207,2023,10,5,7
"Striding with confidence, footprints of self-assuredness imprinted on the sands of challenges conquered and victories claimed.",SandStrider,#Confident #FootprintsOfAssuredness,0,1,0,0,36,0.52361011486408,0.529451255950237,2022,2,15,13
"Lost in the symphony of the night, a moonlit serenade that whispers tales of wanderlust and moonlit dreams.",NightSerenader,#Serenity #MoonlitSerenade,0,0,1,5,166,-1.2330560739895733,-1.2234626973187883,2021,5,8,22
"Unveiling the layers of curiosity, a labyrinth of questions leading to the treasure troves of undiscovered knowledge.",KnowledgeSeeker,#Curiosity #LabyrinthOfQuestions,0,1,0,32,46,-0.6475006777050222,-0.6391580462291132,2020,11,29,14
"In the embrace of the autumn breeze, leaves of ambivalence dancing in a waltz between choices and uncertainties.",BreezeWaltzer,#Ambivalence #AutumnWaltz,1,0,0,31,8,-1.0866672249184355,-1.0773865345463696,2019,9,14,10
"Gratitude as a guiding star, navigating the constellation of blessings in the vast universe of life's precious moments.",StarNavigator,#Grateful #GuidingStar,0,0,1,0,89,-0.3547229795627466,-0.3470057206842757,2022,3,12,19
"With a zestful heart, sprinting through fields of enthusiasm, chasing sunbeams and laughter in the meadows of joy.",MeadowSprinter,#Zest #FieldsOfEnthusiasm,0,1,0,13,190,-0.79388952677616,-0.7852342090015321,2023,3,30,16
"A compassionate rain, tears of empathy falling gently, nurturing the seeds of kindness in the garden of human connections.",RainNurturer,#Compassionate #TearsOfEmpathy,1,0,0,5,34,-0.06194528142047107,-0.05485339513943815,2021,7,1,12
"Proudly scaling the peaks of achievement, a mountaineer conquering challenges and planting the flag of success.",PeakConqueror,#Proud #ScalingPeaks,0,0,1,32,150,0.23083241672180446,0.2372989304053994,2020,1,5,8
"Embraced by the hopeful dawn, a gardener sowing seeds of optimism, tending to the blooms of a brighter tomorrow.",DawnGardener,#Hopeful #SeedsOfOptimism,0,1,0,31,101,-1.0866672249184355,-1.0773865345463696,2022,7,17,6
"A playful escapade in the carnival of life, carousel laughter and cotton candy dreams swirling in the joyous atmosphere.",CarnivalDreamer,#Playful #CarnivalEscapade,1,0,0,0,144,0.37722126579294224,0.3833750931778182,2018,8,22,17
"Floating on clouds of inspiration, an artist painting the sky with strokes of creativity, creating a masterpiece of dreams.",SkyArtist,#Inspired #CloudsOfCreativity,0,0,1,13,109,-0.5011118286338844,-0.49308188345669446,2021,12,8,14
"Navigating the river of contentment, a serene boat cruise through the tranquil waters of inner peace and acceptance.",RiverNavigator,#Contentment #TranquilWaters,0,1,0,5,40,-0.20833413049160884,-0.20092955791185693,2019,4,27,9
"With empathy as a lantern, wandering through the dark alleys of sorrow, illuminating the path with compassion and care.",LanternWanderer,#Empathetic #LanternOfCompassion,1,0,0,32,65,-0.79388952677616,-0.7852342090015321,2023,9,3,21
"A free spirit soaring on the wings of dreams, leaving trails of independence in the azure sky of boundless possibilities.",DreamSoarer,#FreeSpirit #WingsOfDreams,0,0,1,31,82,0.0844435676506667,0.09122276763298064,2020,6,10,10
"Bathed in the golden hues of gratefulness, a sunset of appreciation casting its warm glow on the landscapes of the heart.",SunsetAdmirer,#Grateful #GoldenHues,0,1,0,0,89,-0.3547229795627466,-0.3470057206842757,2022,4,1,18
"Confident strides in the dance of life, a ballroom where self-assuredness leads, twirling through challenges with grace.",DanceStrider,#Confident #DanceOfLife,1,0,0,5,36,0.23083241672180446,0.2372989304053994,2021,1,15,13
"Hopeful whispers of wind, carrying the promises of a brighter tomorrow, a symphony of optimism in the air of possibilities.",WindWhisperer,#Hopeful #BrighterTomorrows,0,0,1,13,101,-0.9402783758472977,-0.9313103717739508,2023,5,6,7
"Playfully juggling responsibilities, a circus performer balancing the acts of work and joy, tossing laughter into the air.",JugglingArtist,#Playful #JugglingResponsibilities,0,1,0,32,144,0.52361011486408,0.529451255950237,2019,11,18,15
"Whispering tales of inspiration to the stars, a storyteller crafting constellations from the threads of imagination.",StarStoryteller,#Inspired #TalesToTheStars,1,0,0,31,109,-1.0866672249184355,-1.0773865345463696,2020,8,29,20
"Charting a course through the waves of hopeful anticipation, a sailor steering towards the shores of dreams yet unexplored.",WaveNavigator,#Hopeful #SailorOfDreams,0,0,1,0,101,-0.6475006777050222,-0.6391580462291132,2022,10,30,11
"A compassionate rain, tears of empathy falling gently, nurturing the seeds of kindness in the garden of human connections.",RainNurturer,#Compassionate #TearsOfEmpathy,0,1,0,5,34,-0.06194528142047107,-0.05485339513943815,2021,7,1,12
"Proudly scaling the peaks of achievement, a mountaineer conquering challenges and planting the flag of success.",PeakConqueror,#Proud #ScalingPeaks,0,0,1,32,150,0.23083241672180446,0.2372989304053994,2020,1,5,8
"Embraced by the hopeful dawn, a gardener sowing seeds of optimism, tending to the blooms of a brighter tomorrow.",DawnGardener,#Hopeful #SeedsOfOptimism,0,1,0,31,101,-1.0866672249184355,-1.0773865345463696,2022,7,17,6
"A playful escapade in the carnival of life, carousel laughter and cotton candy dreams swirling in the joyous atmosphere.",CarnivalDreamer,#Playful #CarnivalEscapade,1,0,0,0,144,0.37722126579294224,0.3833750931778182,2018,8,22,17
"Floating on clouds of inspiration, an artist painting the sky with strokes of creativity, creating a masterpiece of dreams.",SkyArtist,#Inspired #CloudsOfCreativity,0,0,1,13,109,-0.5011118286338844,-0.49308188345669446,2021,12,8,14
"Navigating the river of contentment, a serene boat cruise through the tranquil waters of inner peace and acceptance.",RiverNavigator,#Contentment #TranquilWaters,0,1,0,5,40,-0.20833413049160884,-0.20092955791185693,2019,4,27,9
"With empathy as a lantern, wandering through the dark alleys of sorrow, illuminating the path with compassion and care.",LanternWanderer,#Empathetic #LanternOfCompassion,1,0,0,32,65,-0.79388952677616,-0.7852342090015321,2023,9,3,21
"A free spirit soaring on the wings of dreams, leaving trails of independence in the azure sky of boundless possibilities.",DreamSoarer,#FreeSpirit #WingsOfDreams,0,0,1,31,82,0.0844435676506667,0.09122276763298064,2020,6,10,10
"Bathed in the golden hues of gratefulness, a sunset of appreciation casting its warm glow on the landscapes of the heart.",SunsetAdmirer,#Grateful #GoldenHues,0,1,0,0,89,-0.3547229795627466,-0.3470057206842757,2022,4,1,18
"Confident strides in the dance of life, a ballroom where self-assuredness leads, twirling through challenges with grace.",DanceStrider,#Confident #DanceOfLife,1,0,0,5,36,0.23083241672180446,0.2372989304053994,2021,1,15,13
"Hopeful whispers of wind, carrying the promises of a brighter tomorrow, a symphony of optimism in the air of possibilities.",WindWhisperer,#Hopeful #BrighterTomorrows,0,0,1,13,101,-0.9402783758472977,-0.9313103717739508,2023,5,6,7
"Playfully juggling responsibilities, a circus performer balancing the acts of work and joy, tossing laughter into the air.",JugglingArtist,#Playful #JugglingResponsibilities,0,1,0,32,144,0.52361011486408,0.529451255950237,2019,11,18,15
"Whispering tales of inspiration to the stars, a storyteller crafting constellations from the threads of imagination.",StarStoryteller,#Inspired #TalesToTheStars,1,0,0,31,109,-1.0866672249184355,-1.0773865345463696,2020,8,29,20
"Charting a course through the waves of hopeful anticipation, a sailor steering towards the shores of dreams yet unexplored.",WaveNavigator,#Hopeful #SailorOfDreams,0,0,1,0,101,-0.6475006777050222,-0.6391580462291132,2022,10,30,11
"A compassionate rain, tears of empathy falling gently, nurturing the seeds of kindness in the garden of human connections.",RainNurturer,#Compassionate #TearsOfEmpathy,0,1,0,5,34,-0.06194528142047107,-0.05485339513943815,2021,7,1,12
"Proudly scaling the peaks of achievement, a mountaineer conquering challenges and planting the flag of success.",PeakConqueror,#Proud #ScalingPeaks,0,0,1,32,150,0.23083241672180446,0.2372989304053994,2020,1,5,8
"Embraced by the hopeful dawn, a gardener sowing seeds of optimism, tending to the blooms of a brighter tomorrow.",DawnGardener,#Hopeful #SeedsOfOptimism,0,1,0,13,101,-1.0866672249184355,-1.0773865345463696,2022,7,17,6
"A playful escapade in the carnival of life, carousel laughter and cotton candy dreams swirling in the joyous atmosphere.",CarnivalDreamer,#Playful #CarnivalEscapade,1,0,0,0,144,0.37722126579294224,0.3833750931778182,2018,8,22,17
"Drowning in the abyss of despair, a heart shattered into fragments, lost in the echoing silence of hopelessness.",ShatteredHeart,#Despair #EchoingSilence,0,1,0,5,50,-1.965000319345262,-1.9538435111808823,2021,9,15,16
"Bitterness festering like a venomous vine, entwining the soul in a web of resentment, poisoning the garden of peace.",VenomousSoul,#Bitterness #ResentmentWeb,1,0,0,31,21,-1.379444923060711,-1.369538860091207,2019,3,8,14
"Wandering through the desert of loneliness, each step a heavy sigh, mirages of connection shimmering but never materializing.",DesertWanderer,#Loneliness #MiragesOfConnection,0,0,1,32,121,-0.9402783758472977,-0.9313103717739508,2017,7,20,11
"Yearning for a touch that's not there, echoes of a distant warmth haunting the heart in the cold embrace of solitude.",ColdEmbrace,#Yearning #DistantWarmth,0,1,0,0,189,-1.6722226212029865,-1.6616911856360448,2020,11,2,19
"Eyes wide open in the night, fearful shadows dancing on the walls, the mind a prisoner of imagined horrors.",NightPrisoner,#Fearful #ImaginedHorrors,1,0,0,13,80,-0.5011118286338844,-0.49308188345669446,2022,5,12,2
"Apprehensive steps on the tightrope of uncertainty, a balancing act where the fall seems inevitable, anxiety a constant companion.",TightropeWalker,#Apprehensive #BalancingAct,0,0,1,31,14,-1.0866672249184355,-1.0773865345463696,2023,4,8,13
"Overwhelmed by the weight of the world, Atlas with trembling shoulders, each responsibility a boulder in the landscape of exhaustion.",AtlasBearer,#Overwhelmed #BouldersOfExhaustion,0,1,0,5,142,0.0844435676506667,0.09122276763298064,2021,6,25,17
"Jealousy, a green-eyed monster, lurking in the shadows, casting a dark cloud over the sunshine of others' success.",GreenMonster,#Jealous #GreenEyedMonster,1,0,0,32,113,-0.79388952677616,-0.7852342090015321,2019,8,30,10
"Devastated by the storm of betrayal, the wreckage of trust scattered like debris, a heart torn by the winds of broken promises.",StormSurvivor,#Devastated #WindsOfBrokenPromises,0,0,1,0,53,0.52361011486408,0.529451255950237,2022,8,3,15
"Frustrated fingers tapping on the keyboard, a symphony of annoyance composing an unsolvable puzzle of unmet expectations.",PuzzleComposer,#Frustrated #UnsolvablePuzzle,0,1,0,13,85,-1.379444923060711,-1.369538860091207,2020,12,17,9
"Envious eyes fixated on the gilded prize, a heartache fueled by the painful desire for possessions that seem forever out of reach.",GildedHeartache,#Envious #GildedPrize,1,0,0,32,72,-0.20833413049160884,-0.20092955791185693,2021,2,28,22
"Dismissive glances, a fortress built with indifference, walls impenetrable to the pleas of understanding and recognition.",IndifferentFort,#Dismissive #ImpenetrableWalls,0,0,1,31,57,-1.0866672249184355,-1.0773865345463696,2018,5,10,14
"Shattered dreams lie on the floor like fragments of glass, a mosaic of disappointment crafted by the hands of frustration.",DreamMosaic,#Frustrated #MosaicOfDisappointment,0,1,0,5,85,-0.9402783758472977,-0.9313103717739508,2022,1,7,11
"Loneliness, a silent companion in the night, the only echo in the chamber of solitude, a heart's solitary nocturne.",NocturnalEcho,#Loneliness #SolitaryNocturne,1,0,0,0,121,-0.5011118286338844,-0.49308188345669446,2019,9,19,3
"Fearful whispers in the dark, the mind haunted by the specter of the unknown, shadows dancing to the rhythm of anxiety's tune.",DarkWhispers,#Fearful #SpecterOfTheUnknown,0,0,1,31,80,-1.2330560739895733,-1.2234626973187883,2023,7,14,23
"Bitterness, a bitter aftertaste lingering on the tongue, each word a reminder of wounds that refuse to heal with the passing of time.",LingeringTaste,#Bitterness #BitterAftertaste,0,1,0,13,21,-1.6722226212029865,-1.6616911856360448,2020,4,5,16
"Overwhelmed by the cacophony of expectations, a drowning soul in the tempest of pressure, struggling to stay afloat.",TempestSurvivor,#Overwhelmed #DrowningSoul,1,0,0,32,142,-0.20833413049160884,-0.20092955791185693,2021,11,29,8
"Jealousy, a venom that seeps through the veins, poisoning the heart and turning it into a breeding ground for discontent.",VenomousHeart,#Jealous #HeartOfDiscontent,0,0,1,0,113,-0.79388952677616,-0.7852342090015321,2019,12,12,17
"Devastated by the revelation of betrayal, the trust shattered like fragile glass, leaving shards of pain in its wake.",FragileTrust,#Devastated #ShatteredTrust,0,1,0,5,53,0.52361011486408,0.529451255950237,2022,5,20,14
"Frustrated attempts to mend a broken connection, the threads of understanding slipping through the fingers like grains of sand.",BrokenThreads,#Frustrated #SlippingThreads,1,0,0,31,85,-1.0866672249184355,-1.0773865345463696,2020,9,3,12
"Envious gazes cast upon the podium of success, a bitter pill swallowed, the taste lingering as a constant reminder of unattained heights.",SuccessPill,#Envious #BitterPill,0,0,1,32,72,-0.20833413049160884,-0.20092955791185693,2021,2,10,19
"Dismissive gestures, a curtain drawn to shield the vulnerability, a stage where emotions take a backseat to the performance of indifference.",CurtainShield,#Dismissive #IndifferencePerformance,0,1,0,0,57,-1.379444923060711,-1.369538860091207,2018,8,18,14
"Despair like a heavy fog, enveloping every thought, blurring the path ahead, a journey in the labyrinth of utter hopelessness.",FoggyLabyrinth,#Despair #LabyrinthOfHopelessness,1,0,0,5,50,-1.965000319345262,-1.9538435111808823,2022,2,28,21
"Bitterness, a bitter chill in the air, freezing moments into icicles of resentment that dangle precariously over the landscape of memory.",IcyResentment,#Bitterness #IciclesOfResentment,0,0,1,31,21,-0.9402783758472977,-0.9313103717739508,2019,10,15,10
"Loneliness, a solitary moon in a starless sky, casting a cold glow on the landscape of isolation, where echoes bounce in empty spaces.",SolitaryMoon,#Loneliness #StarlessSky,0,1,0,32,121,-0.5011118286338844,-0.49308188345669446,2017,12,1,18
"Yearning for the warmth of a vanished sun, a heartache painted in the hues of a sunset that never graced the horizon.",VanishedSunset,#Yearning #HuesOfSunset,1,0,0,0,189,-1.6722226212029865,-1.6616911856360448,2020,4,18,16
"Fearful eyes scanning the shadows, a prisoner of the night, terrorized by the lurking monsters born from the mind's darkest corners.",NightPrisoner,#Fearful #LurkingMonsters,0,0,1,13,80,-0.5011118286338844,-0.49308188345669446,2023,1,7,3
"Apprehensive whispers in the wind, a forecast of uncertainty, the mind's weather vane spinning wildly in the storm of doubt.",WindWhisperer,#Apprehensive #StormOfDoubt,0,1,0,5,14,-1.0866672249184355,-1.0773865345463696,2021,6,10,10
"Overwhelmed by the maze of expectations, a minotaur of pressure lurking in the labyrinth, waiting to devour the spirit of resilience.",MazeExplorer,#Overwhelmed #MinotaurOfPressure,1,0,0,32,142,0.0844435676506667,0.09122276763298064,2020,2,22,15
"Jealousy, a festering wound, the pain intensifying with each glance at the garden of others' achievements, blooming beyond the fence.",WoundedGarden,#Jealous #BloomingAchievements,0,0,1,31,113,-0.79388952677616,-0.7852342090015321,2018,3,17,14
"Devastated, a heart in ruins, the echoes of shattered dreams reverberating in the chambers, a requiem for what once was whole.",RuinedHeart,#Devastated #EchoesOfShatteredDreams,0,1,0,0,53,0.52361011486408,0.529451255950237,2022,10,28,11
"Frustrated attempts to untangle the knot of confusion, the threads of understanding slipping further into the labyrinth of miscommunication.",KnotUntangler,#Frustrated #LabyrinthOfMiscommunication,1,0,0,13,85,-1.0866672249184355,-1.0773865345463696,2020,11,1,12
"Envious eyes locked on the treasure chest of opportunities, a heartache fueled by the desire for keys that seem forever elusive.",ElusiveKeys,#Envious #DesireForKeys,0,0,1,32,72,-0.20833413049160884,-0.20092955791185693,2021,1,15,22
"Dismissive gestures, a curtain drawn to shield the vulnerability, a stage where emotions take a backseat to the performance of indifference.",IndifferentFort,#Dismissive #IndifferencePerformance,0,1,0,0,57,-1.379444923060711,-1.369538860091207,2018,8,18,14
"Shattered dreams lie on the floor like fragments of glass, a mosaic of disappointment crafted by the hands of frustration.",DreamMosaic,#Frustrated #MosaicOfDisappointment,0,0,1,5,85,-0.9402783758472977,-0.9313103717739508,2022,1,7,11
"Loneliness, a silent companion in the night, the only echo in the chamber of solitude, a heart's solitary nocturne.",NocturnalEcho,#Loneliness #SolitaryNocturne,1,0,0,0,121,-0.5011118286338844,-0.49308188345669446,2019,9,19,3
Awe-struck by the breathtaking sunrise over the mountains.,NatureAdmirer,#Awe #BreathtakingSunrise,0,1,0,32,17,0.9627766620774934,0.8946416628812839,2022,4,3,6
Navigating through the challenges with determination.,GoalPursuer,#Determination #Challenges,0,0,1,5,52,-0.9402783758472977,-0.9313103717739508,2023,10,12,10
Nostalgia hits while flipping through an old photo album.,MemoryLane,#Nostalgia #OldMemories,1,0,0,31,136,0.0844435676506667,0.16426084901919003,2019,6,28,19
Thrilled to witness the grandeur of a cultural festival.,CultureEnthusiast,#Thrill #CulturalCelebration,0,1,0,13,178,2.1155888485127035,2.2001973676597766,2020,9,15,14
Calmness found in the rhythm of raindrops on the windowpane.,RainWatcher,#Calmness #RainyDays,0,0,1,0,26,-0.5011118286338844,-0.5661199648429038,2017,11,8,21
Overwhelmed by the support received during a personal challenge.,PersonalJourney,#Overwhelmed #SupportiveCommunity,1,0,0,32,142,0.52361011486408,0.529451255950237,2021,5,20,17
Excitement builds as the countdown to a long-awaited vacation begins.,VacationDreamer,#Excitement #VacationCountdown,0,1,0,10,76,1.255554360219769,1.2598320698123309,2023,1,10,12
"Reflecting on life's journey, grateful for the lessons learned.",LifeLearner,#Gratitude #LifeLessons,0,0,1,3,90,1.9874986055754578,1.9902128836744248,2018,12,5,8
Bittersweet emotions arise while bidding farewell to a dear friend.,FarewellSender,#Bittersweet #Farewell,0,1,0,17,22,-0.20833413049160884,-0.20092955791185693,2020,3,15,18
Curiosity sparked by exploring a mysterious ancient ruin.,HistoryExplorer,#Curiosity #AncientDiscovery,1,0,0,12,46,-0.5011118286338844,-0.5661199648429038,2016,8,22,15
Admiration for the intricate details of a handcrafted masterpiece.,CraftEnthusiast,#Admiration #HandcraftedArt,0,1,0,32,2,0.52361011486408,0.529451255950237,2019,8,20,16
Overjoyed by the warmth of a cozy fireplace on a winter evening.,WinterLover,#Overjoyed #WinterWarmth,0,0,1,5,141,-0.5011118286338844,-0.5661199648429038,2021,12,8,19
Inspiration strikes while observing the colors of a vibrant sunset.,SunsetWatcher,#Inspiration #ColorfulSunset,0,1,0,31,108,1.255554360219769,1.2598320698123309,2020,6,10,20
Motivated to achieve fitness goals after an invigorating workout.,FitnessJunkie,#Motivation #FitnessGoals,1,0,0,0,132,2.1155888485127035,2.2001973676597766,2022,2,28,7
Gratitude for the simple joys found in a cup of morning coffee.,CoffeeLover,#Gratitude #MorningCoffee,0,0,1,13,90,0.0844435676506667,0.16426084901919003,2017,4,15,8
Feeling empowered after conquering a challenging hiking trail.,HikingExplorer,#Empowerment #HikingAdventure,0,1,0,32,66,1.9874986055754578,1.9902128836744248,2018,9,5,14
Amused by the antics of playful kittens during playtime.,KittyObserver,#Amusement #PlayfulKittens,1,0,0,5,9,-0.9402783758472977,-0.9313103717739508,2022,10,22,12
Contemplating life's mysteries under the starry night sky.,Stargazer,#Contemplation #StarryNight,0,0,1,31,39,0.9627766620774934,0.8946416628812839,2016,7,2,23
Joyful reunion with long-lost friends after years of separation.,FriendshipRenewal,#JoyfulReunion #Friendship,0,1,0,13,118,-0.20833413049160884,-0.20092955791185693,2020,11,18,17
Excitement builds while preparing for a surprise celebration.,CelebrationPlanner,#Excitement #SurpriseCelebration,1,0,0,0,76,1.255554360219769,1.2598320698123309,2023,3,5,15
Satisfaction derived from successfully completing a DIY project.,DIYEnthusiast,#Satisfaction #DIYProject,0,0,1,32,165,0.52361011486408,0.529451255950237,2015,12,1,11
Feeling blessed for the supportive community in times of need.,CommunityHelper,#Blessed #SupportiveCommunity,0,1,0,31,23,-0.5011118286338844,-0.5661199648429038,2021,9,10,9
Captivated by the serenity of a tranquil garden in full bloom.,GardenEnthusiast,#Serenity #TranquilGarden,1,0,0,5,166,0.0844435676506667,0.16426084901919003,2018,5,12,14
Anticipation for an upcoming adventure in an exotic destination.,Wanderlust,#Anticipation #AdventureAwaits,0,0,1,13,11,2.1155888485127035,2.2001973676597766,2022,7,25,10
Reflecting on personal growth achieved through life experiences.,GrowthSeeker,#Reflection #PersonalGrowth,0,1,0,32,152,1.9874986055754578,1.9902128836744248,2019,3,8,18
Nostalgic memories flood in while revisiting childhood favorites.,ChildhoodMemories,#Nostalgia #ChildhoodFavorites,1,0,0,0,136,-0.20833413049160884,-0.20092955791185693,2017,1,28,21
Appreciation for the vibrant culture experienced during travel.,CultureExplorer,#Appreciation #CulturalExperience,0,0,1,31,13,0.9627766620774934,0.8946416628812839,2016,11,14,13
Confidence soars after overcoming public speaking anxiety.,PublicSpeaker,#Confidence #OvercomingAnxiety,0,1,0,32,35,-0.9402783758472977,-0.9313103717739508,2020,4,2,17
Contentment in the midst of a family gathering filled with laughter.,FamilyCelebration,#Contentment #FamilyLaughter,1,0,0,5,40,0.52361011486408,0.529451255950237,2023,1,15,19
Enthusiasm for learning new skills and expanding knowledge.,LifelongLearner,#Enthusiasm #SkillBuilding,0,0,1,13,71,1.255554360219769,1.2598320698123309,2018,8,7,12
Surprise and delight at discovering a hidden gem in the city.,CityExplorer,#Surprise #HiddenGem,0,1,0,31,174,-0.5011118286338844,-0.5661199648429038,2019,10,18,16
A sense of accomplishment after completing a challenging workout.,FitnessAchiever,#Accomplishment #FitnessSuccess,1,0,0,0,1,0.0844435676506667,0.16426084901919003,2022,6,30,7
Wonderment at the beauty of a double rainbow after the rain.,RainbowChaser,#Wonderment #DoubleRainbow,0,0,1,32,188,1.9874986055754578,1.9902128836744248,2017,6,12,18
Optimism for a bright future amidst challenging times.,FutureOptimist,#Optimism #BrightFuture,0,1,0,5,140,-0.20833413049160884,-0.20092955791185693,2021,7,5,9
Pride in achieving a personal milestone in career progression.,CareerAchiever,#Pride #CareerMilestone,1,0,0,31,149,0.9627766620774934,0.8946416628812839,2016,4,15,14
Happiness blooms like flowers in a garden on a sunny day.,SunnyDayEnthusiast,#Happiness #SunnyDay,0,0,1,13,92,-0.9402783758472977,-0.9313103717739508,2020,2,10,11
Elation over discovering a rare book in a quaint bookstore.,Bookworm,#Elation #RareBookDiscovery,0,1,0,32,60,2.1155888485127035,2.2001973676597766,2018,9,22,16
Curiosity piqued by the mysteries of an ancient archaeological site.,ArchaeologyEnthusiast,#Curiosity #AncientMysteries,1,0,0,0,46,-0.5011118286338844,-0.5661199648429038,2015,11,8,10
Mesmerized by the cosmic dance of fireflies on a moonlit night.,NightSkyObserver,#Enchantment #CosmicFireflies,0,1,0,3,67,0.52361011486408,0.529451255950237,2022,8,10,22
Intrigued by the symphony of colors in an abstract art exhibition.,ArtConnoisseur,#Intrigue #AbstractArt,0,0,1,10,111,-0.5011118286338844,-0.5661199648429038,2019,4,5,17
Giggles and joy echo in the air during a children's playdate.,PlayfulParent,#PlayfulJoy #ChildrensPlaydate,1,0,0,17,145,0.0844435676506667,0.16426084901919003,2020,12,15,15
Enveloped in serenity while practicing mindfulness by the lake.,ZenSeeker,#Mindfulness #LakeTranquility,0,1,0,5,129,1.9874986055754578,1.9902128836744248,2017,10,20,8
Chasing dreams like a kite soaring high in the vast open sky.,SkyDreamer,#DreamChaser #SkyHighDreams,0,0,1,0,58,1.255554360219769,1.2598320698123309,2021,2,28,13
Spellbound by the elegance of a ballroom dance under crystal chandeliers.,DanceEnthusiast,#Elegance #BallroomDance,1,0,0,31,61,0.9627766620774934,0.8946416628812839,2018,6,12,20
Whimsical delight in a world of fairy tales and magical creatures.,FairyTaleExplorer,#Whimsy #MagicalWorld,0,1,0,32,184,-0.20833413049160884,-0.20092955791185693,2016,3,8,14
Pensive contemplation amid the ancient ruins of a forgotten civilization.,RuinsExplorer,#Pensive #AncientCivilization,0,0,1,12,143,-0.5011118286338844,-0.5661199648429038,2023,4,18,17
Embracing the thrill of speed on a rollercoaster's exhilarating twists.,RollercoasterFan,#Thrill #RollercoasterAdventure,1,0,0,11,178,0.0844435676506667,0.16426084901919003,2020,7,25,12
Harmony resonates as musicians play a melody of unity and togetherness.,MusicHarmonist,#Harmony #MusicalUnity,0,1,0,28,94,1.9874986055754578,1.9902128836744248,2019,11,30,19
A burst of creativity in the quiet solitude of an artist's studio.,StudioArtist,#Creativity #ArtistsHaven,0,0,1,15,43,-0.9402783758472977,-0.9313103717739508,2015,9,1,16
Radiant joy akin to blooming flowers on a sun-kissed spring morning.,SpringEnthusiast,#Radiance #SpringBlooms,1,0,0,21,151,0.52361011486408,0.529451255950237,2022,5,5,10
A sense of wonder at the vastness of the cosmos on a stargazing night.,CosmosExplorer,#Wonder #StargazingAdventure,0,1,0,26,187,2.1155888485127035,2.2001973676597766,2018,7,8,23
Rejuvenated by the salty breeze and the sound of waves at the seaside.,SeaBreezeLover,#Rejuvenation #SeasideEscape,0,0,1,27,154,-0.5011118286338844,-0.5661199648429038,2021,9,20,14
Whispers of inspiration from the rustling leaves in a serene forest.,ForestDreamer,#Inspiration #ForestWhispers,1,0,0,24,108,0.9627766620774934,0.8946416628812839,2016,11,15,11
Savoring the warmth of a cup of cocoa on a chilly winter evening.,WinterWarmth,#Coziness #WarmWinterEvening,0,1,0,29,41,1.255554360219769,1.2598320698123309,2020,1,12,18
Heartfelt gratitude for the laughter shared during a family reunion.,FamilyGatherer,#Gratitude #FamilyLaughter,1,0,0,1,90,0.0844435676506667,0.16426084901919003,2017,12,28,19
"Embarking on a culinary adventure, savoring exotic flavors around the world.",CulinaryExplorer,#Adventure #CulinaryJourney,0,0,1,2,5,1.9874986055754578,1.9902128836744248,2019,3,2,20
Euphoria floods in as the final puzzle piece clicks into place.,PuzzleSolver,#Euphoria #PuzzleCompletion,0,1,0,9,75,-0.20833413049160884,-0.20092955791185693,2022,6,8,15
Awe-inspired by the grandeur of an ancient cathedral's intricate architecture.,CathedralVisitor,#Awe #ArchitecturalGrandeur,1,0,0,8,17,-0.5011118286338844,-0.5661199648429038,2018,8,18,14
Captivated by the ethereal beauty of a field filled with fireflies.,NightSkyObserver,#Enchantment #FireflyField,0,1,0,3,67,0.52361011486408,0.529451255950237,2022,8,10,22
Immersed in the enchanting melodies of a street musician's violin.,MusicLover,#Melodic #StreetMusic,0,0,1,10,127,-0.5011118286338844,-0.5661199648429038,2019,4,5,17
Joyful laughter resonates through a lively summer carnival.,CarnivalGoer,#FestiveJoy #SummerCarnival,1,0,0,17,81,0.0844435676506667,0.16426084901919003,2020,12,15,15
Exploring the universe within during a mindful meditation session.,MindfulExplorer,#InnerJourney #MeditationBliss,0,1,0,5,107,1.9874986055754578,1.9902128836744248,2017,10,20,8
Soaring like a free spirit on the winds of a coastal cliff.,CoastalExplorer,#Freedom #CoastalAdventure,0,0,1,0,83,1.255554360219769,1.2598320698123309,2021,2,28,13
Dazzled by the elegance of a masquerade ball's dazzling costumes.,MasqueradeAttendee,#Dazzle #MasqueradeElegance,1,0,0,31,48,0.9627766620774934,0.8946416628812839,2018,6,12,20
Whimsical delight in a world of whimsical fairy tales.,FairyTaleAdventurer,#Whimsy #FairyTaleMagic,0,1,0,32,184,-0.20833413049160884,-0.20092955791185693,2016,3,8,14
Reflective contemplation amid the ruins of a forgotten era.,RuinsExplorer,#Reflection #ForgottenEra,0,0,1,12,152,-0.5011118286338844,-0.5661199648429038,2023,4,18,17
Riding the adrenaline rush on a rollercoaster's wild twists.,ThrillSeeker,#Adrenaline #RollercoasterThrills,1,0,0,11,4,0.0844435676506667,0.16426084901919003,2020,7,25,12
Harmony resonates as musicians play a symphony of unity.,MusicHarmonist,#Harmony #MusicalUnity,0,1,0,28,94,1.9874986055754578,1.9902128836744248,2019,11,30,19
A burst of artistic creativity in the quietude of an artist's studio.,StudioArtist,#ArtisticBurst #StudioCreativity,0,0,1,15,16,-0.9402783758472977,-0.9313103717739508,2015,9,1,16
Radiant joy akin to blossoming flowers on a sunlit spring morning.,SpringEnthusiast,#Radiance #SpringBlooms,1,0,0,21,151,0.52361011486408,0.529451255950237,2022,5,5,10
Awe-inspired by the vastness of the cosmos on a stargazing night.,CosmosExplorer,#Wonder #StargazingAdventure,0,1,0,26,187,2.1155888485127035,2.2001973676597766,2018,7,8,23
Rejuvenated by the salty breeze and the sound of waves at the seaside.,SeaBreezeLover,#Rejuvenation #SeasideEscape,0,0,1,27,154,-0.5011118286338844,-0.5661199648429038,2021,9,20,14
Whispers of inspiration from the rustling leaves in a serene forest.,ForestDreamer,#Inspiration #ForestWhispers,1,0,0,24,108,0.9627766620774934,0.8946416628812839,2016,11,15,11
Savoring the warmth of a cup of cocoa on a chilly winter evening.,WinterWarmth,#Coziness #WarmWinterEvening,0,1,0,29,41,1.255554360219769,1.2598320698123309,2020,1,12,18
Heartfelt gratitude for the laughter shared during a family reunion.,FamilyGatherer,#Gratitude #FamilyLaughter,1,0,0,1,90,0.0844435676506667,0.16426084901919003,2017,12,28,19
"Embarking on a culinary odyssey, savoring flavors around the world.",CulinaryExplorer,#CulinaryOdyssey #FlavorsAroundTheWorld,0,0,1,2,45,1.9874986055754578,1.9902128836744248,2019,3,2,20
Euphoria floods in as the final puzzle piece fits perfectly.,PuzzleSolver,#Euphoria #PerfectPuzzle,0,1,0,9,75,-0.20833413049160884,-0.20092955791185693,2022,6,8,15
Awe-struck by the grandeur of an ancient cathedral's intricate architecture.,CathedralVisitor,#Awe #ArchitecturalGrandeur,1,0,0,8,17,-0.5011118286338844,-0.5661199648429038,2018,8,18,14
Curiosity awakened by the mysteries of an ancient archaeological site.,ArchaeologyEnthusiast,#Curiosity #AncientMysteries,0,1,0,0,46,-0.5011118286338844,-0.5661199648429038,2015,11,8,10
Giddy with excitement as the first snowflakes dance from the sky.,SnowfallEnthusiast,#Excitement #SnowfallMagic,0,0,1,5,76,0.0844435676506667,0.16426084901919003,2020,12,2,17
Contentment envelops as the aroma of freshly baked bread fills the air.,BreadLover,#Contentment #FreshBreadAroma,0,1,0,10,40,0.9627766620774934,0.8946416628812839,2017,6,10,12
Inspired by the resilience of a lone tree standing tall in a storm.,NatureResilient,#Resilience #StandingTall,1,0,0,32,158,1.9874986055754578,1.9902128836744248,2021,4,15,14
"Lost in the pages of a captivating novel, transported to another world.",Bookworm,#Immersion #CaptivatingNovel,0,0,1,31,105,-0.20833413049160884,-0.20092955791185693,2019,9,28,19
Drenched in nostalgia while flipping through an old family photo album.,FamilyHistorian,#Nostalgia #FamilyPhotoAlbum,0,1,0,13,136,0.52361011486408,0.529451255950237,2016,12,5,21
Spark of inspiration ignites like a shooting star in the night sky.,NightSkyWatcher,#Spark #InspirationIgnited,1,0,0,0,171,1.255554360219769,1.2598320698123309,2018,2,10,23
Imbued with gratitude for the simple pleasure of a warm cup of tea.,TeaEnthusiast,#Gratitude #WarmTea,0,0,1,17,90,-0.5011118286338844,-0.5661199648429038,2023,2,15,8
Marveling at the kaleidoscope of colors in a vibrant street market.,MarketExplorer,#Marvel #ColorfulStreetMarket,0,1,0,3,125,0.0844435676506667,0.16426084901919003,2015,8,22,15
Awash with serenity as the sun sets over a tranquil lakeside retreat.,LakesideRetreater,#Serenity #TranquilSunset,1,0,0,11,166,0.9627766620774934,0.8946416628812839,2020,11,20,18
Drowning in sorrow as memories of lost love resurface.,LostInLove,#Heartbreak #LostLove,0,1,0,32,97,-0.9402783758472977,-0.9313103717739508,2019,8,5,21
Numbness sets in as the weight of loneliness grows heavier.,SolitudeSeeker,#Loneliness #HeavyHeart,0,0,1,5,121,-0.5011118286338844,-0.5661199648429038,2021,2,12,16
"Tears fall like raindrops, mourning the end of a cherished friendship.",FriendshipsEnd,#Grief #LostFriendship,1,0,0,31,91,0.0844435676506667,0.16426084901919003,2020,11,28,14
"Despair clouds the mind, feeling adrift in an endless sea of darkness.",LostInDarkness,#Despair #EndlessDarkness,0,1,0,0,50,0.9627766620774934,0.8946416628812839,2016,5,15,22
"Shattered by betrayal, trust crumbles like fragile glass.",BrokenTrust,#Betrayal #ShatteredTrust,0,0,1,11,19,0.0844435676506667,0.16426084901919003,2018,9,10,13
"Aching heart, the symphony of pain plays in the silence of solitude.",SilentSufferer,#Suffering #HeartacheSymphony,1,0,0,3,173,0.52361011486408,0.529451255950237,2022,3,20,19
"Emotional storm, a whirlwind of sadness engulfs every thought.",StormyFeelings,#EmotionalStorm #SadnessWhirlwind,0,1,0,13,64,1.255554360219769,1.2598320698123309,2017,7,18,17
"Haunted by regrets, the ghost of the past lingers relentlessly.",LingeringGhost,#Regret #HauntedPast,0,0,1,10,153,-0.5011118286338844,-0.5661199648429038,2018,12,15,10
"Torn apart by grief, the echoes of loss reverberate through the soul.",EchoesOfLoss,#Grief #TornApart,1,0,0,15,91,0.9627766620774934,0.8946416628812839,2015,6,28,21
"Isolation deepens, an emotional winter where warmth is but a distant memory.",WinterOfEmotions,#Isolation #EmotionalWinter,0,1,0,17,112,1.9874986055754578,1.9902128836744248,2020,4,2,14
"Soul-crushing disappointment, hopes shattered like fragile glass.",ShatteredHopes,#Disappointment #CrushedHopes,0,0,1,27,55,-0.20833413049160884,-0.20092955791185693,2019,10,8,18
"Painful echoes of a love once cherished, now lost in the abyss of time.",AbyssOfTime,#LostLove #PainfulEchoes,1,0,0,21,123,0.0844435676506667,0.16426084901919003,2016,11,22,9
"Heartache deepens, a solitary journey through the abyss of despair.",SolitaryDescent,#Despair #AbyssOfHeartache,0,1,0,26,50,2.1155888485127035,2.2001973676597766,2022,8,18,22
"Melancholy lingers, a bittersweet serenade in the quietude of solitude.",SerenadeOfSolitude,#Melancholy #QuietSerenade,0,0,1,31,126,-0.5011118286338844,-0.5661199648429038,2017,3,12,23
"Bitterness like a poison, seeping into every crevice of the wounded heart.",PoisonedHeart,#Bitterness #WoundedHeart,1,0,0,0,21,0.52361011486408,0.529451255950237,2015,12,15,16
"Emotional exhaustion, the weight of the world crushing weary shoulders.",WearySoulCrushed,#Exhaustion #CrushedSpirit,0,1,0,5,77,1.9874986055754578,1.9902128836744248,2021,9,5,13
"Sorrowful echoes, a symphony of pain played by the strings of loss.",StringsOfSorrow,#Sorrow #SymphonyOfLoss,0,0,1,11,170,-0.5011118286338844,-0.5661199648429038,2018,5,22,20
"Darkness descends, engulfing the soul in the shadows of despair.",SoulInShadow,#Darkness #SoulEngulfed,1,0,0,32,47,0.9627766620774934,0.8946416628812839,2016,7,10,18
"Desperation whispers, the silent plea for a glimmer of hope in the abyss.",WhisperedDespair,#Desperation #GlimmerOfHope,0,1,0,10,51,0.0844435676506667,0.16426084901919003,2019,4,30,14
"Heart in ruins, the remnants of shattered dreams scattered in the wind.",DreamsInWind,#Ruins #ShatteredDreams,0,0,1,3,161,-0.20833413049160884,-0.20092955791185693,2022,1,8,11
"Shattered by the echoes of a shattered dream, fragments of hope scattered.",DreamEchoes,#Desolation #ScatteredHope,0,0,1,0,49,-0.20833413049160884,-0.20092955791185693,2017,9,10,19
"Avoiding the thorns of regret, walking barefoot on the path of remorse.",RemorseWalker,#Regret #PathOfRemorse,0,1,0,5,153,0.52361011486408,0.529451255950237,2022,4,18,11
"In the labyrinth of grief, the walls echo with the footsteps of lost joy.",JoyLabyrinth,#Grief #LostJoyFootsteps,1,0,0,32,91,-0.5011118286338844,-0.5661199648429038,2018,12,5,21
"A soul adrift in the sea of solitude, waves of loneliness crashing relentlessly.",SolitudeSeas,#Loneliness #CrashingWaves,0,0,1,31,121,0.0844435676506667,0.16426084901919003,2016,6,28,14
"The bitterness of betrayal, a taste that lingers, staining the palate of trust.",PalateStainer,#Bitterness #StainedTrust,0,1,0,11,21,-0.9402783758472977,-0.9313103717739508,2019,10,22,17
"In the ruins of hope, echoes of shattered dreams whisper tales of loss.",HopeRuins,#Desolation #WhisperedLoss,1,0,0,3,49,0.9627766620774934,0.8946416628812839,2021,3,15,22
"Sinking like a stone in the ocean of heartbreak, each ripple a sigh of despair.",OceanSinker,#Heartbreak #RippleOfDespair,0,0,1,10,97,0.0844435676506667,0.16426084901919003,2017,8,10,19
"Tears, the ink staining the pages of a journal, a testament to silent grief.",InkJournalist,#Grief #SilentTears,0,1,0,13,91,1.255554360219769,1.2598320698123309,2023,1,28,14
"In the wasteland of lost trust, the echoes of broken promises reverberate.",TrustWasteland,#Betrayal #ReverberatingPromises,1,0,0,15,19,0.52361011486408,0.529451255950237,2016,12,12,10
"Avoiding the shards of shattered dreams, walking the tightrope of resilience.",DreamTightrope,#Resilience #TightropeWalk,0,0,1,17,158,1.9874986055754578,1.9902128836744248,2020,7,18,15
"Suffocating in the silence of solitude, where echoes of laughter once thrived.",EchoedLaughter,#Isolation #SilentSolitude,0,1,0,26,112,1.255554360219769,1.2598320698123309,2022,5,20,20
"Haunted by the specter of lost possibilities, a ghost that refuses to fade away.",PossibilityGhost,#Regret #FadingPossibilities,0,0,1,27,153,-0.5011118286338844,-0.5661199648429038,2019,11,8,14
"In the labyrinth of despair, the echoes of a broken heart reverberate endlessly.",EndlessLabyrinth,#Despair #EndlessReverberation,1,0,0,0,50,0.9627766620774934,0.8946416628812839,2017,3,28,22
"Sinking like autumn leaves in the river of sorrow, carried away by the current.",RiverOfSorrow,#Sorrow #AutumnLeaves,0,1,0,5,170,0.0844435676506667,0.16426084901919003,2020,9,15,18
"In the garden of broken dreams, petals fall, a silent testimony to shattered hopes.",DreamGardener,#Desolation #ShatteredHopes,0,0,1,31,49,-0.20833413049160884,-0.20092955791185693,2018,6,10,13
"Tears, the currency of grief, spent in the marketplace of lost love and longing.",CurrencyOfTears,#Grief #LostLoveLonging,1,0,0,32,91,0.52361011486408,0.529451255950237,2016,12,22,21
"Wandering in the maze of betrayal, the walls closing in with every wrong turn.",MazeWanderer,#Betrayal #ClosingWalls,0,1,0,11,19,-0.9402783758472977,-0.9313103717739508,2021,1,5,16
"A soul weathered by the storm of heartbreak, seeking refuge in the calm after.",StormSeeker,#Heartbreak #CalmAfterStorm,0,0,1,3,97,0.0844435676506667,0.16426084901919003,2019,4,18,11
"In the tapestry of despair, threads of hope unravel, leaving a portrait of sorrow.",TapestrySorrow,#Despair #UnraveledHope,1,0,0,13,50,-0.5011118286338844,-0.5661199648429038,2017,8,28,19
"Like a withered rose in the garden of love, petals fall, a silent surrender to time.",WitheredRose,#Loss #SilentSurrender,0,1,0,10,122,0.9627766620774934,0.8946416628812839,2023,2,10,14
"In the void of heartache, echoes of a love song play, each note a pang of longing.",LoveSongEcho,#Heartache #LoveSongLonging,0,1,0,17,96,1.255554360219769,1.2598320698123309,2022,7,10,22
"Nostalgia, a bittersweet dance in the moonlit ballroom of cherished memories.",MoonlitMemories,#Nostalgia #CherishedMemories,0,0,1,15,136,-0.5011118286338844,-0.5661199648429038,2019,5,15,21
"In the symphony of grief, each tear is a note, composing a melancholic melody.",SymphonyOfTears,#Grief #MelancholicMelody,1,0,0,11,91,0.0844435676506667,0.16426084901919003,2018,11,28,14
"Betrayal, a venomous serpent slithering through the garden of trust, poisoning roots.",VenomousGarden,#Betrayal #PoisonedTrust,0,1,0,5,19,0.52361011486408,0.529451255950237,2021,3,2,17
"Sinking in the quicksand of despair, the harder you fight, the deeper you descend.",QuicksandFighter,#Despair #DeepDescent,0,0,1,32,50,-0.20833413049160884,-0.20092955791185693,2016,10,18,19
"Wandering through the cemetery of lost dreams, tombstones marking untold sorrows.",DreamCemetery,#Desolation #UntoldSorrows,1,0,0,10,49,0.9627766620774934,0.8946416628812839,2020,8,15,12
"Swept away by the river of regret, the currents of the past refusing to release.",RegretRiver,#Regret #PastCurrents,0,1,0,31,153,-0.5011118286338844,-0.5661199648429038,2017,4,28,16
"Whispers of lost love linger in the attic of the heart, forgotten but not erased.",HeartAttic,#Loss #ForgottenLove,0,0,1,0,122,0.0844435676506667,0.16426084901919003,2019,9,10,21
"In the gallery of broken promises, each shattered vow framed, a painful exhibition.",PromiseGallery,#Betrayal #ShatteredVows,1,0,0,3,19,-0.9402783758472977,-0.9313103717739508,2022,1,28,13
"The echoes of solitude, a silent conversation between a soul and its shadows.",EchoedConversation,#Solitude #ShadowConversation,0,1,0,27,169,1.255554360219769,1.2598320698123309,2016,6,15,22
"Dancing on sunshine, each step a celebration of the joy found in simple moments.",SunshineDancer,#Joy #SimpleMoments,0,1,0,32,116,2.1155888485127035,2.2001973676597766,2021,8,20,15
"Laughter echoes in the air, a chorus of happiness that lifts the spirit higher.",EchoedLaughter,#Happiness #SpiritLifter,0,0,1,5,92,1.9874986055754578,1.9902128836744248,2018,4,12,18
"In the garden of contentment, each bloom whispers tales of inner peace and joy.",GardenOfJoy,#Contentment #InnerPeace,1,0,0,31,40,0.52361011486408,0.529451255950237,2022,2,15,12
"Chasing dreams under the vibrant sky, a journey fueled by hope and enthusiasm.",DreamChaser,#Enthusiasm #HopefulJourney,0,1,0,0,71,1.255554360219769,1.2598320698123309,2019,10,28,14
"Serenading the stars with a heart full of gratitude, a melody of thankfulness.",StarSerenader,#Gratitude #ThankfulMelody,0,0,1,13,90,0.0844435676506667,0.16426084901919003,2017,12,22,21
"Basking in the glow of accomplishment, each milestone a stepping stone to happiness.",GlowAchiever,#Accomplishment #HappinessMilestone,1,0,0,11,1,0.9627766620774934,0.8946416628812839,2020,6,10,17
"In the dance of positivity, every step is a rhythm, uplifting the soul in harmony.",DanceHarmony,#Positivity #SoulUpliftment,0,1,0,10,147,-0.5011118286338844,-0.5661199648429038,2016,9,18,19
"Overflowing with joy, a cup of laughter shared with friends, a moment cherished.",LaughterCup,#Joy #CherishedMoment,0,0,1,17,116,-0.20833413049160884,-0.20092955791185693,2023,3,10,14
"Draped in the warmth of kindness, a quilt of compassion stitched with love.",QuiltedCompassion,#Kindness #LoveStitches,1,0,0,3,120,0.52361011486408,0.529451255950237,2019,5,5,12
"In the garden of friendships, each bloom a testament to the beauty of camaraderie.",FriendshipGarden,#Friendship #CamaraderieBlooms,0,1,0,26,84,1.255554360219769,1.2598320698123309,2018,8,28,16
"In the embrace of love, each heartbeat is a melody, dancing to the rhythm of affection.",MelodyOfLove,#Love #RhythmOfAffection,0,0,1,32,124,1.9874986055754578,1.9902128836744248,2022,11,15,20
"Surrounded by the colors of joy, a canvas painted with laughter and endless smiles.",ColorfulLaughter,#Joy #EndlessSmiles,0,1,0,5,116,2.1155888485127035,2.2001973676597766,2019,7,2,17
"In the symphony of excitement, each note is a burst of energy, igniting the soul with fervor.",SymphonyFervor,#Excitement #IgnitedSoul,1,0,0,31,76,1.255554360219769,1.2598320698123309,2021,4,18,14
"A surprise gift, wrapped in anticipation, unfolds a moment of delight and wonder.",WrappedDelight,#Surprise #WonderfulMoment,0,0,1,0,174,0.52361011486408,0.529451255950237,2023,2,5,19
"Lost in the maze of curiosity, each twist and turn unveils the treasures of discovery.",MazeDiscovery,#Curiosity #TreasuresOfDiscovery,0,1,0,13,46,0.0844435676506667,0.16426084901919003,2018,9,22,12
"Floating on clouds of gratitude, each raindrop a blessing, a shower of thankfulness.",CloudsOfBlessings,#Gratitude #ShowerOfThankfulness,1,0,0,11,90,0.9627766620774934,0.8946416628812839,2016,12,10,21
"Like a comet of inspiration, streaking through the sky of creativity, leaving trails of brilliance.",CometCreativity,#Inspiration #BrilliantTrails,0,0,1,10,108,-0.5011118286338844,-0.5661199648429038,2020,5,28,16
"In the celebration of success, fireworks of accomplishment light up the night sky of triumph.",FireworksTriumph,#Success #NightSkyTriumph,0,1,0,17,172,0.0844435676506667,0.16426084901919003,2017,11,15,22
"A symphony of laughter, each note a key to unlocking the door of boundless happiness.",LaughterSymphony,#Happiness #BoundlessLaughter,1,0,0,3,92,1.255554360219769,1.2598320698123309,2021,8,2,19
"In the carnival of emotions, the rollercoaster of thrill sends the heart on a wild ride.",EmotionCarnival,#Thrill #WildHeartRide,0,1,0,26,178,1.9874986055754578,1.9902128836744248,2019,3,28,15
"Standing before the grandeur of the Eiffel Tower, a moment to reflect on the beauty of Parisian dreams.",ParisDreamer,#Reflection #ParisianDreams,0,0,1,10,152,0.9627766620774934,0.8946416628812839,2018,5,12,17
"Lost in the enchantment of Disneyland, each ride a journey into the realm of childhood fantasies.",DisneylandExplorer,#Enchantment #ChildhoodFantasies,0,1,0,32,67,1.255554360219769,1.2598320698123309,2022,9,28,15
"Exploring the wonders of Ferrari World, the roar of engines creating a symphony of speed.",FerrariSpeedster,#Excitement #SymphonyOfSpeed,1,0,0,15,76,0.0844435676506667,0.16426084901919003,2019,11,10,14
"Amidst the tulip fields of Keukenhof, a tapestry of colors that paints the soul with springtime joy.",KeukenhofAdventurer,#Joy #SpringtimeColors,0,1,0,21,116,1.9874986055754578,1.9902128836744248,2021,4,2,18
"Wandering through the historical streets of Kyoto, each step a journey into the heart of Japan's traditions.",KyotoAdventurer,#Exploration #JapaneseTraditions,0,0,1,17,78,-0.5011118286338844,-0.5661199648429038,2017,8,22,21
"In the embrace of the Grand Canyon, nature's masterpiece, a moment to marvel at Earth's grandeur.",CanyonMarveler,#Awe #EarthsGrandeur,0,1,0,32,17,0.52361011486408,0.529451255950237,2020,6,15,16
"Journeying through the serenity of Santorini, where each sunset paints the sky with hues of tranquility.",SantoriniTraveler,#Serenity #SunsetHues,1,0,0,12,166,0.0844435676506667,0.16426084901919003,2016,9,10,19
"Amazed by the architectural marvels of Petra, each stone telling tales of an ancient civilization.",PetraExplorer,#Amazement #AncientTales,0,0,1,18,7,1.255554360219769,1.2598320698123309,2023,1,28,13
"Embarking on a gondola ride in Venice, each canal reflecting the romance of this timeless city.",VeniceRomantic,#Romance #TimelessCity,0,1,0,15,160,-0.20833413049160884,-0.20092955791185693,2019,4,18,16
"At the summit of Machu Picchu, a breathtaking panorama that whispers the secrets of ancient civilizations.",MachuPicchuAdventurer,#Awe #AncientCivilizations,1,0,0,23,17,0.9627766620774934,0.8946416628812839,2017,11,5,22
"In the heart of New York City, Times Square dazzles with lights, a vibrant spectacle of urban energy.",TimesSquareExplorer,#Excitement #UrbanEnergy,0,1,0,32,76,1.9874986055754578,1.9902128836744248,2022,7,20,21
"Captivated by the historical charm of the Colosseum, each stone echoing tales of gladiator valor.",ColosseumAdventurer,#Captivation #GladiatorTales,0,0,1,15,27,0.52361011486408,0.529451255950237,2018,3,15,17
"Sailing the azure waters of the Maldives, each wave a whisper of serenity in paradise.",MaldivesSailor,#Serenity #ParadiseWhispers,1,0,0,20,166,0.0844435676506667,0.16426084901919003,2019,10,28,14
"In the midst of the Amazon rainforest, a symphony of wildlife creates an orchestra of nature's wonders.",AmazonExplorer,#Wonder #NatureOrchestra,0,1,0,3,187,1.255554360219769,1.2598320698123309,2021,6,10,16
"Walking the Great Wall of China, each step a testament to ancient engineering marvels.",GreatWallWalker,#Awe #EngineeringMarvels,0,0,1,6,17,-0.5011118286338844,-0.5661199648429038,2017,8,18,19
"At the summit of Mount Fuji, a breathtaking sunrise that paints the sky with hues of accomplishment.",FujiSummitAchiever,#Accomplishment #SunriseHues,1,0,0,17,1,0.9627766620774934,0.8946416628812839,2020,4,15,5
"Exploring the ancient ruins of Angkor Wat, each stone whispering stories of Khmer civilization.",AngkorWatAdventurer,#Exploration #KhmerStories,0,1,0,4,78,-0.20833413049160884,-0.20092955791185693,2016,11,22,13
"Skiing down the slopes of the Swiss Alps, each turn a dance with the majesty of snow-capped peaks.",AlpsSkiAdventurer,#Adventure #SnowPeakDance,0,0,1,29,5,0.0844435676506667,0.16426084901919003,2019,1,10,14
"In the tranquility of Kyoto's bamboo forest, whispers of ancient Zen wisdom echo through the groves.",KyotoBambooSeeker,#Tranquility #ZenWisdom,1,0,0,17,181,0.52361011486408,0.529451255950237,2023,2,28,16
"Cruising the fjords of Norway, each icy landscape a breathtaking masterpiece of nature's grandeur.",NorwayFjordExplorer,#Grandeur #IcyMasterpiece,0,1,0,22,88,0.0844435676506667,0.16426084901919003,2018,5,28,18
"At the front row of Adele's concert, each note of 'Someone Like You' resonates with soul-stirring emotion.",AdeleConcertGoer,#Emotion #AdeleConcert,0,1,0,32,63,2.1155888485127035,2.2001973676597766,2022,9,15,20
"Dancing under the stars at Beyoncé's live show, feeling the power of 'Single Ladies' in every move.",BeyonceDancer,#Energy #BeyonceConcert,0,0,1,32,68,1.9874986055754578,1.9902128836744248,2019,7,28,21
"In the crowd of a Taylor Swift concert, the lyrics of 'Love Story' create an enchanting fairy tale.",SwiftieDreamer,#Enchantment #TaylorSwift,1,0,0,32,67,1.255554360219769,1.2598320698123309,2021,5,10,19
"Rocking out to the guitar solos at a Queen tribute concert, a journey back in time with Freddie's spirit.",QueenTributeFan,#Nostalgia #QueenTribute,0,1,0,31,136,0.0844435676506667,0.16426084901919003,2018,12,2,22
"Swaying to Ed Sheeran's acoustic melodies, a serene evening filled with 'Perfect' moments.",SheeranMelodyLover,#Serenity #EdSheeranConcert,0,0,1,31,166,-0.5011118286338844,-0.5661199648429038,2020,8,18,19
"Immersed in the pulsating beats of a Bruno Mars concert, where 'Uptown Funk' becomes a city of joy.",MarsJoyExplorer,#Joy #BrunoMars,1,0,0,32,116,0.9627766620774934,0.8946416628812839,2017,3,28,20
"At a Michael Jackson tribute show, moonwalking through the hits, a celebration of the King of Pop.",MJTributeDancer,#Celebration #MJTribute,0,1,0,32,28,0.52361011486408,0.529451255950237,2022,1,15,21
"Swinging to the rhythms of a Frank Sinatra tribute, feeling the timeless charm of 'Fly Me to the Moon'.",SinatraCharmListener,#Charm #SinatraTribute,0,0,1,32,31,0.0844435676506667,0.16426084901919003,2019,6,10,18
"In the mosh pit of a Metallica concert, the thunderous chords create a symphony of headbanging ecstasy.",MetallicaMoshWarrior,#Ecstasy #MetallicaConcert,1,0,0,32,59,1.9874986055754578,1.9902128836744248,2023,3,20,22
"Experiencing the magic of a Coldplay concert, where 'Fix You' becomes a beacon of hope in the night.",ColdplayHopeSeeker,#Hope #ColdplayMagic,0,1,0,31,100,1.255554360219769,1.2598320698123309,2016,11,28,19
"At a Justin Bieber concert, the infectious beats of 'Baby' create a dance floor of unbridled enthusiasm.",BieberDanceEnthusiast,#Enthusiasm #JustinBieber,0,1,0,5,71,2.1155888485127035,2.2001973676597766,2018,8,5,20
"In the spotlight at a Lady Gaga show, each costume change is a metamorphosis of creativity and artistry.",GagaArtisticChameleon,#Creativity #LadyGaga,0,0,1,32,43,1.9874986055754578,1.9902128836744248,2021,4,15,21
"Immersed in the soulful melodies of Adele, tears flow freely, moved by the emotion of 'Hello'.",AdeleMelodyTearjerker,#Emotion #AdeleMelodies,1,0,0,31,63,1.255554360219769,1.2598320698123309,2019,11,28,19
"Drenched in confetti at a Katy Perry concert, a kaleidoscope of colors igniting the night sky.",KatyPerryColorExplosion,#Colorful #KatyPerry,0,1,0,32,32,0.0844435676506667,0.16426084901919003,2020,6,22,22
"In the audience of a Jay-Z performance, the lyrics of 'Empire State of Mind' become an anthem of pride.",JayZEmpireListener,#Pride #JayZAnthem,0,0,1,32,149,-0.5011118286338844,-0.5661199648429038,2017,9,10,20
"Dancing to Shakira's rhythmic beats, hips swaying to the hypnotic charm of 'Hips Don't Lie'.",ShakiraHipsDancer,#Hypnotic #ShakiraRhythms,1,0,0,7,102,0.9627766620774934,0.8946416628812839,2022,2,28,21
"At a U2 concert, the anthemic chords of 'With or Without You' create a timeless moment of connection.",U2ConnectionSeeker,#Connection #U2Anthem,0,1,0,14,38,0.52361011486408,0.529451255950237,2016,5,15,19
"Rocking out at a Guns N' Roses show, the iconic riffs of 'Sweet Child o' Mine' echoing in the night.",GunsNRosesRiffRockstar,#Iconic #GNRConcert,0,0,1,32,103,0.0844435676506667,0.16426084901919003,2018,12,10,22
"In the crowd of an Ariana Grande concert, the high notes of 'Into You' create a euphoric symphony.",ArianaEuphoriaChaser,#Euphoria #ArianaGrande,1,0,0,32,75,1.9874986055754578,1.9902128836744248,2023,1,22,20
"Swaying to the reggae vibes of Bob Marley's tribute concert, each chord a journey to Jamaica's soul.",MarleyReggaeTraveler,#Journey #BobMarleyTribute,0,1,0,16,115,1.255554360219769,1.2598320698123309,2020,3,5,18
"Captivated by the spellbinding plot twists, the audience applauds, experiencing a rollercoaster of emotions at the movie premiere.",MovieEnthusiastPremiereAttendee,#Excitement #MoviePremiereThrills,0,0,1,32,76,2.1155888485127035,2.2001973676597766,2018,10,12,20
"As the credits roll, a profound sense of nostalgia washes over, reminiscent of cherished moments in classic films.",FilmLoverNostalgiaSeeker,#Nostalgia #ClassicFilmMoments,0,1,0,31,136,1.9874986055754578,1.9902128836744248,2019,6,25,22
"Streaming the latest web series, the viewer is engrossed in the characters' journey, feeling a sense of connection and empathy.",WebSeriesViewerCharacterConnection,#Engagement #WebSeriesJourney,1,0,0,5,69,1.255554360219769,1.2598320698123309,2020,7,8,19
"At the film festival, the indie filmmaker's creation receives a standing ovation, evoking pride and a sense of accomplishment.",IndieFilmmakerFestivalSuccess,#Pride #IndieFilmSuccess,0,0,1,0,149,0.0844435676506667,0.16426084901919003,2017,9,18,21
"Watching a heartwarming family drama, tears flow freely as the characters overcome challenges, leaving the viewer with a warm glow.",DramaEnthusiastHeartwarmingMoments,#Touched #FamilyDramaMoments,0,1,0,13,180,0.9627766620774934,0.8946416628812839,2021,1,15,18
"At the Oscars, the actor graciously accepts an award, radiating joy and gratitude for the recognition of their outstanding performance.",AwardWinningActorOscarsRecipient,#Gratitude #OscarWinningMoment,1,0,0,32,90,-0.5011118286338844,-0.5661199648429038,2016,2,28,20
"Discovering a hidden gem in the world of documentaries, the viewer is enlightened and inspired, feeling a renewed sense of curiosity.",DocumentaryEnthusiastHiddenGemFinder,#Inspiration #HiddenGemDiscovery,0,0,1,10,108,0.0844435676506667,0.16426084901919003,2022,4,20,17
"As the movie credits roll, the viewer experiences a mix of awe and contemplation, pondering the deeper meanings woven into the storyline.",FilmBuffContemplativeViewer,#Contemplation #DeepMeanings,0,1,0,11,39,0.9627766620774934,0.8946416628812839,2019,11,5,21
"Binge-watching a thrilling crime series, the suspense keeps the viewer on the edge of their seat, creating a rush of adrenaline.",CrimeSeriesEnthusiastThrillSeeker,#Suspense #CrimeSeriesThrills,1,0,0,17,175,1.9874986055754578,1.9902128836744248,2015,7,12,22
"As the closing scene unfolds, a sense of satisfaction washes over, completing the cinematic journey with a profound and fulfilling ending.",FilmCriticSatisfactionSeeker,#Satisfaction #FulfillingEnding,0,0,1,3,165,0.0844435676506667,0.16426084901919003,2020,9,10,19
"Celebrating a historic victory in the World Cup, the nation erupts in joy, united by the triumph of their football team.",FootballFanWorldCupCelebration,#Joy #WorldCupTriumph,0,1,0,3,116,2.1155888485127035,2.2001973676597766,2018,7,15,21
"At the Olympics, the athlete's perseverance shines through, earning a gold medal and inspiring a generation with their remarkable achievement.",OlympicsEnthusiastGoldMedalWinner,#Inspiration #OlympicAchievement,0,0,1,32,108,1.9874986055754578,1.9902128836744248,2020,8,8,19
"In the cricket championship, a nail-biting finish leaves fans on the edge of their seats, experiencing a rollercoaster of emotions.",CricketFanChampionshipThrills,#Excitement #CricketChampionship,1,0,0,13,76,1.255554360219769,1.2598320698123309,2019,6,25,22
"Witnessing a record-breaking marathon, spectators are filled with awe and admiration for the endurance and dedication of the runners.",MarathonSpectatorRecordBreaking,#Admiration #MarathonRecords,0,1,0,19,2,0.0844435676506667,0.16426084901919003,2021,11,7,17
"In the tennis grand slam, a fierce rivalry unfolds, captivating fans with a display of skill and sportsmanship on the world stage.",TennisEnthusiastGrandSlamDrama,#Captivation #TennisRivalry,0,0,1,31,27,0.9627766620774934,0.8946416628812839,2017,9,10,20
"Cheering for the underdog in the basketball finals, the crowd erupts in applause as the team defies odds to claim the championship title.",BasketballFanUnderdogTriumph,#Triumph #BasketballFinals,1,0,0,32,182,-0.5011118286338844,-0.5661199648429038,2022,6,20,21
"At the golf tournament, the golfer's precision and focus lead to a stunning victory, leaving spectators in awe of their exceptional skill.",GolfEnthusiastPrecisionVictory,#Awe #GolfVictory,0,1,0,25,17,0.0844435676506667,0.16426084901919003,2016,4,10,18
"Experiencing the thrill of a high-speed Formula 1 race, fans are on the edge of their seats as drivers compete for the championship.",F1FanHighSpeedRaceExcitement,#Thrill #Formula1Championship,0,0,1,11,178,0.9627766620774934,0.8946416628812839,2019,11,24,19
"In the cycling world championship, the climber conquers challenging terrains, symbolizing determination and achievement against all odds.",CyclingEnthusiastWorldChampion,#Determination #CyclingChampion,1,0,0,15,52,1.9874986055754578,1.9902128836744248,2015,9,28,22
"Witnessing a heartwarming comeback in the hockey finals, fans share tears of joy as the team secures a historic victory after adversity.",HockeyFanComebackVictory,#Heartwarming #HockeyFinalsComeback,0,1,0,5,98,0.0844435676506667,0.16426084901919003,2020,12,12,20
"After a series of defeats, the soccer team faces disappointment, struggling to find the silver lining in a challenging season.",SoccerFanTeamDefeats,#Disappointment #SoccerDefeats,0,0,1,3,55,2.1155888485127035,2.2001973676597766,2019,11,2,18
"In the tennis tournament, a highly anticipated player experiences a setback, leaving fans in shock and questioning the unforeseen turn of events.",TennisEnthusiastUnexpectedSetback,#Frustration #TennisSetback,0,1,0,32,86,1.9874986055754578,1.9902128836744248,2018,7,10,21
"Facing a defeat in the championship, the boxer reflects on the challenges, vowing to return stronger and more determined in the next bout.",BoxingFanChampionshipDefeat,#Reflection #BoxingDefeat,1,0,0,31,152,1.255554360219769,1.2598320698123309,2020,9,18,19
"In the midst of a cycling race, a tire blowout leads to frustration for the cyclist, who valiantly tries to overcome the unexpected obstacle.",CyclingEnthusiastTireBlowout,#Obstacle #CyclingFrustration,0,0,1,10,138,0.0844435676506667,0.16426084901919003,2017,5,15,22
"The gymnast's unexpected fall during a routine sparks a wave of sympathy from the audience, highlighting the vulnerability of sports.",GymnasticsFanRoutineFall,#Sympathy #GymnasticsFall,0,1,0,17,176,0.9627766620774934,0.8946416628812839,2021,4,5,20
"In the golf tournament, a missed crucial putt results in defeat, causing the golfer to reflect on the pressure of high-stakes competition.",GolfEnthusiastMissedPutt,#Pressure #GolfDefeat,1,0,0,32,148,-0.5011118286338844,-0.5661199648429038,2016,8,20,18
"Experiencing a series of losses in the basketball season, the team grapples with frustration, determined to turn the tide with renewed effort.",BasketballFanTeamLosses,#RenewedEffort #BasketballStruggles,0,0,1,5,156,0.0844435676506667,0.16426084901919003,2019,2,12,19
"Despite meticulous training, the swimmer faces disappointment as a split-second miscalculation costs them the lead in a crucial race.",SwimmingEnthusiastRaceSetback,#Miscalculation #SwimmingDisappointment,0,1,0,0,130,0.9627766620774934,0.8946416628812839,2015,6,28,20
"The weightlifter's failed attempt at a personal record results in frustration, highlighting the challenging nature of pushing physical limits.",WeightliftingFanFailedRecord,#Challenge #WeightliftingFailure,1,0,0,11,30,1.9874986055754578,1.9902128836744248,2022,1,8,21
"In the midst of a soccer match, an unexpected own goal creates a moment of despair for the player, as teammates console and encourage them.",SoccerPlayerOwnGoalMoment,#Despair #OwnGoal,0,0,1,27,50,0.0844435676506667,0.16426084901919003,2018,12,15,20
"In the serene beauty of a sunset, nature unfolds a canvas of colors, evoking a sense of tranquility and wonder.",NatureEnthusiastSunsetWonder,#Tranquility #SunsetBeauty,0,1,0,5,181,2.1155888485127035,2.2001973676597766,2021,7,10,19
"Embarking on a spontaneous road trip, the traveler discovers hidden gems, creating memories that will be cherished for a lifetime.",TravelEnthusiastRoadTripDiscovery,#Adventure #RoadTripMemories,0,0,1,32,5,1.9874986055754578,1.9902128836744248,2019,9,28,20
"Amidst the bustling city, a quiet café becomes a sanctuary for reflection, where a cup of coffee brings solace to the wandering mind.",UrbanExplorerCafeSolitude,#Solace #CafeReflection,1,0,0,10,168,1.255554360219769,1.2598320698123309,2022,3,15,18
"Exploring the vibrant street art of a cultural neighborhood, each mural tells a story, infusing the city with creativity and expression.",ArtEnthusiastStreetArtExploration,#Creativity #StreetArtVibes,0,1,0,3,43,0.0844435676506667,0.16426084901919003,2017,11,5,21
"In the world of science, a breakthrough discovery unfolds, pushing the boundaries of knowledge and opening new frontiers of exploration.",ScienceEnthusiastDiscoveryMoment,#Breakthrough #ScientificDiscovery,0,0,1,11,25,0.9627766620774934,0.8946416628812839,2020,5,20,16
"Connecting with the melody of a live orchestra, the music enthusiast experiences a symphony that resonates deep within the soul.",MusicLoverLiveOrchestraExperience,#Harmony #OrchestraMelody,1,0,0,31,94,-0.5011118286338844,-0.5661199648429038,2016,8,22,19
"Embracing the aroma of freshly baked bread, the home chef finds joy in the art of baking, creating delicious memories for loved ones.",HomeBakerDeliciousMemories,#JoyInBaking #HomemadeDelights,0,1,0,13,117,0.0844435676506667,0.16426084901919003,2023,4,10,17
"Wandering through a historical museum, the history enthusiast becomes immersed in the tales of the past, envisioning bygone eras.",HistoryBuffMuseumExploration,#EnvisioningHistory #MuseumTales,0,0,1,15,73,0.9627766620774934,0.8946416628812839,2015,12,18,18
"In the realm of literature, a captivating novel transports the reader to distant lands, weaving a tapestry of imagination and escape.",BookwormCaptivatingNovelEscape,#Imagination #LiteraryEscape,1,0,0,17,104,1.9874986055754578,1.9902128836744248,2021,10,8,20
"Capturing the essence of a bustling market, the photographer freezes moments in time, each frame telling a unique and vibrant story.",PhotographyEnthusiastMarketMoments,#Vibrancy #MarketStories,0,1,0,0,183,0.0844435676506667,0.16426084901919003,2019,3,22,21
"Underneath the city lights, the dancer expresses emotions through graceful movements, creating a mesmerizing performance under the night sky.",DanceEnthusiastCityNightPerformance,#Mesmerizing #NightDancePerformance,0,0,1,32,128,2.1155888485127035,2.2001973676597766,2018,6,15,22
"In the heart of a bustling market, the street food connoisseur indulges in a culinary adventure, savoring diverse flavors and aromas.",FoodieMarketStreetFoodExploration,#CulinaryAdventure #StreetFoodDelights,0,1,0,30,44,1.9874986055754578,1.9902128836744248,2019,8,28,19
"As the first snowflake descends, the winter enthusiast eagerly prepares for a season of frosty delights, anticipating the magic of snow-covered landscapes.",SnowLoverWinterEnthusiast,#WinterMagic #SnowyLandscapes,1,0,0,5,186,1.255554360219769,1.2598320698123309,2022,12,1,17
"Amidst the pages of a captivating mystery novel, the reader unravels clues and secrets, experiencing a thrilling journey of suspense and revelation.",MysteryBookwormSuspensefulRead,#ThrillingJourney #MysteryNovel,0,0,1,31,179,0.0844435676506667,0.16426084901919003,2017,4,10,21
"Surrounded by the vibrant colors of a flower garden, the gardener nurtures blossoms, finding joy in the beauty of nature's ever-changing canvas.",GardeningEnthusiastFlowerGarden,#NaturesBeauty #FloralJoy,0,1,0,0,133,0.9627766620774934,0.8946416628812839,2020,5,15,18
"At the astronomy observatory, the stargazer marvels at the vastness of the cosmos, contemplating the mysteries hidden within the celestial expanse.",AstronomyEnthusiastStargazing,#CelestialWonder #Stargazing,1,0,0,32,29,-0.5011118286338844,-0.5661199648429038,2016,9,22,20
"Engulfed in the aroma of freshly brewed coffee, the writer finds inspiration in every sip, embarking on a journey of creativity and prose.",CoffeeLoverWritersRetreat,#CreativeInspiration #CoffeeJourney,0,0,1,10,42,0.0844435676506667,0.16426084901919003,2023,2,12,19
"In the realm of fashion, the designer unveils a collection that tells a story, blending innovation and tradition on the runway of creativity.",FashionEnthusiastDesignerShowcase,#RunwayCreativity #FashionInnovation,0,1,0,15,162,0.9627766620774934,0.8946416628812839,2015,11,10,21
"As the waves crash against the shore, the surfer embraces the thrill of riding the ocean's energy, capturing the essence of freedom in each wave.",SurfingEnthusiastWaveRider,#OceansFreedom #SurfingThrills,1,0,0,3,139,0.0844435676506667,0.16426084901919003,2021,7,20,18
"Exploring the historical architecture of an ancient city, the traveler is transported to a bygone era, where each monument whispers tales of the past.",HistoryExplorerAncientCityTour,#WhispersOfThePast #HistoricalTour,0,0,1,12,185,1.9874986055754578,1.9902128836744248,2019,4,18,20
Successfully avoided eye contact with my crush in the hallway. Mission accomplished. #TeenCrush #StealthMode,CrushAvoider,#CrushStruggles #AvoidingEyeContact,0,0,1,32,76,-0.9402783758472977,-0.9313103717739508,2023,5,20,19
Ran out of snacks during a movie marathon. Crisis level: Emergency! #MovieNightStruggles #TeenProblems,MovieBuff,#SnackCrisis #TeenLife,0,1,0,5,24,-0.5011118286338844,-0.5661199648429038,2023,5,21,21
Spent an hour choosing the perfect filter for a selfie. The struggle for that Instagram aesthetic is real. #SelfieQueen #TeenVibes,SelfieAddict,#SelfieStruggle #TeenConfessions,1,0,0,31,116,0.0844435676506667,0.16426084901919003,2023,5,22,14
Lost my headphones again. How do they vanish into thin air? #HeadphoneMystery #TeenLife,AudioExplorer,#TeenProblems #LostHeadphones,0,0,1,32,86,-0.20833413049160884,-0.20092955791185693,2023,5,23,16
Decided to study for exams but ended up making memes about studying instead. Procrastination level: Expert. #ProcrastinationNation #TeenConfessions,MemeCreator,#StudyingMemes #TeenLife,0,1,0,5,174,0.52361011486408,0.529451255950237,2023,5,24,13
"Got dressed for the day, then remembered it's Saturday. Oops. #WeekendVibes #TeenStruggles",FashionBlunder,#WeekendOops #TeenFashion,1,0,0,32,106,-0.20833413049160884,-0.20092955791185693,2023,5,25,19
Survived a group project without any drama. Miracles do happen. #GroupProjectSuccess #TeenAchievements,GroupGenius,#TeenSuccess #ProjectMiracle,0,0,1,31,165,0.9627766620774934,0.8946416628812839,2023,5,26,14
"Entered the kitchen with the intention to cook. Left with a bag of chips. Cooking is overrated, anyway. #MasterChefInTraining #TeenHumor",ChipExplorer,#TeenChef #CookingFail,0,1,0,5,56,0.0844435676506667,0.16426084901919003,2023,5,27,21
"Staring at the clock in class, waiting for the bell to ring like it's the most exciting event of the day. #ClassCountdown #TeenLife",ExcitementSeeker,#ClassEvent #TeenExcitement,1,0,0,32,174,-0.5011118286338844,-0.5661199648429038,2023,5,28,12
"Discovered a new book series and spent the whole night reading. Who needs sleep, anyway? #BookwormLife #LateNightReading",NightReader,#BookDiscoveries #TeenReading,0,0,1,31,116,1.255554360219769,1.2598320698123309,2023,5,29,23
"Bought a new video game, played for hours, forgot to eat. The ultimate gaming session. #GamerLife #NoFoodGaming",GamingEnthusiast,#GameOn #TeenGamer,0,1,0,32,76,0.0844435676506667,0.16426084901919003,2023,5,30,20
Spent the day binge-watching a new series. Productivity level: Zero. #LazyDay #TVSeriesMarathon,LazyWatcher,#BingeWatchDay #TeenLife,1,0,0,5,116,1.9874986055754578,1.9902128836744248,2023,5,31,15
Caught up on the latest fashion trends and now planning a shopping spree. #Fashionista #TrendyTeen,TrendExplorer,#FashionGoals #TeenStyle,0,0,1,32,76,-0.20833413049160884,-0.20092955791185693,2023,6,1,18
Decided to learn a new instrument. Day one: Still trying to figure out how to hold it. #MusicNovice #LearningJourney,MusicalExplorer,#InstrumentLearning #TeenMusic,0,1,0,31,86,0.9627766620774934,0.8946416628812839,2023,6,2,14
Spent hours creating the perfect playlist for every mood. Music is my therapy. #PlaylistMaker #TeenMusicLover,MusicAficionado,#MusicTherapy #TeenPlaylist,1,0,0,5,116,0.0844435676506667,0.16426084901919003,2023,6,3,21
Successfully cooked a gourmet meal for the family. Chef skills unlocked! #ChefMode #TeenChef,HomeChef,#CookingSuccess #TeenCook,0,0,1,32,149,0.52361011486408,0.529451255950237,2023,6,4,19
Spontaneously booked a weekend getaway. Adventure awaits! #TravelBug #WeekendEscape,AdventureSeeker,#GetawayGoals #TeenTravel,0,1,0,31,76,-0.5011118286338844,-0.5661199648429038,2023,6,5,10
Attended a concert and danced the night away. Music is the heartbeat of life. #ConcertVibes #DanceAllNight,DanceEnthusiast,#MusicMagic #TeenConcert,1,0,0,5,116,0.9627766620774934,0.8946416628812839,2023,6,6,22
Rediscovered childhood cartoons and had a nostalgia-filled marathon. #CartoonNostalgia #TeenMemories,NostalgiaExplorer,#ChildhoodMemories #TeenCartoons,0,0,1,32,116,0.0844435676506667,0.16426084901919003,2023,6,7,12
Embarked on a DIY home decor project. Let's hope it turns out better than last time. #DIYAdventure #TeenHomeDecor,HomeDecorator,#DIYGoals #TeenCreative,0,1,0,31,76,1.9874986055754578,1.9902128836744248,2023,6,8,16
"Spent the afternoon at a museum, pretending to be cultured. Art enthusiast in the making. #MuseumDay #TeenArtLover",ArtExplorer,#CulturalDay #TeenCuriosity,1,0,0,32,46,-0.20833413049160884,-0.20092955791185693,2023,6,9,14
Started a blog about random thoughts and musings. Blogging is the new diary. #BloggerLife #TeenBlogger,ThoughtfulBlogger,#BloggingJourney #TeenThoughts,0,0,1,5,46,1.255554360219769,1.2598320698123309,2023,6,10,17
Relishing a peaceful afternoon with a classic novel. Quiet moments are the best moments. #BookLover #PeacefulAfternoon,NovelEnthusiast,#QuietMoments #BookishEscape,0,1,0,32,40,1.9874986055754578,1.9902128836744248,2023,6,11,15
"Reflecting on a lifetime of memories, each wrinkle tells a story. Embracing the beauty of aging. #LifeReflections #BeautyInAging",WiseSoul,#AgingGracefully #Memories,0,0,1,31,90,0.9627766620774934,0.8946416628812839,2023,6,12,18
Exploring the world of digital art. It's never too late to discover new passions. #DigitalArtistry #LateBloomer,ArtAdventurer,#ArtDiscovery #SeniorArtist,1,0,0,5,46,0.0844435676506667,0.16426084901919003,2023,6,13,14
Savoring the flavors of a home-cooked meal. Simple joys are the heart of happiness. #HomeCooking #SimpleJoys,HomeChefSenior,#HappinessInFood #SeniorLife,0,1,0,32,40,0.52361011486408,0.529451255950237,2023,6,14,19
Embarking on a journey of learning a new language. The mind stays young with every new word. #LanguageLearning #NeverTooLate,LinguisticExplorer,#MindEnrichment #SeniorLearning,0,0,1,31,46,1.255554360219769,1.2598320698123309,2023,6,15,12
"Attended a classical music concert, feeling the timeless melodies resonate. Music transcends generations. #ClassicalMusic #TimelessMelodies",MusicConnoisseur,#MusicLover #SeniorConcert,1,0,0,5,116,-0.5011118286338844,-0.5661199648429038,2023,6,16,21
Capturing the beauty of nature through photography. Every snapshot is a treasure. #NaturePhotography #SeniorPhotographer,PhotographySenior,#NatureCapture #SeniorMoments,0,1,0,32,116,1.9874986055754578,1.9902128836744248,2023,6,17,15
"Reconnecting with old friends over a cup of tea. Friendship, the true essence of companionship. #OldFriends #Companionship",TeaTimeSenior,#FriendshipGoals #SeniorBonding,0,0,1,31,40,0.9627766620774934,0.8946416628812839,2023,6,18,11
"Embarked on a road trip to revisit cherished places from the past. Nostalgia, the ultimate travel companion. #RoadTrip #NostalgiaTour",RoadTripSenior,#CherishedPlaces #SeniorTravel,1,0,0,5,116,0.0844435676506667,0.16426084901919003,2023,6,19,16
"Joined a community choir, harmonizing with fellow voices. Music creates bonds that withstand time. #CommunityChoir #HarmonyInAging",ChoirEnthusiast,#MusicHarmony #SeniorVoices,0,1,0,32,116,-0.20833413049160884,-0.20092955791185693,2023,6,20,14
"Exploring the art of meditation, finding tranquility in the stillness of the mind. #MeditationJourney #TranquilMind",MeditationSenior,#MindfulLiving #SeniorCalm,0,0,1,31,40,-0.5011118286338844,-0.5661199648429038,2023,6,21,19
"Taking a stroll in the garden, appreciating the beauty of blooming flowers. Nature's wonders never cease. #GardenWalk #FloralBeauty",GardenEnthusiast,#NatureWonders #SeniorGarden,1,0,0,32,40,0.52361011486408,0.529451255950237,2023,6,22,13
"Sipping on a favorite vintage wine, each sip telling a story of the years gone by. Cheers to a life well-lived. #WineLover #VintageCheers",WineConnoisseur,#LifeWellLived #SeniorWine,0,1,0,31,40,0.9627766620774934,0.8946416628812839,2023,6,23,18
"Participated in a community art class, unleashing creativity in the golden years. Art has no age limit. #ArtClass #SeniorArtistry",ArtisticSenior,#CreativityAtAnyAge #SeniorCreativity,0,0,1,5,116,0.0844435676506667,0.16426084901919003,2023,6,24,16
"Embarking on a journey of writing a memoir, documenting a lifetime of experiences. Every story matters. #MemoirWriting #SeniorStories",MemoiristSenior,#LifetimeExperiences #SeniorMemoir,1,0,0,32,90,1.9874986055754578,1.9902128836744248,2023,6,25,20
"Attended a lecture on history, always fascinated by the lessons from the past. Learning is a lifelong adventure. #HistoryLecture #SeniorLearning",HistoryEnthusiast,#LifetimeAdventure #SeniorCuriosity,0,1,0,31,46,1.255554360219769,1.2598320698123309,2023,6,26,14
"Rediscovered the joy of cooking traditional family recipes. The kitchen, a place of cherished memories. #FamilyRecipes #SeniorCooking",FamilyChefSenior,#KitchenMemories #SeniorCulinary,0,0,1,32,40,-0.20833413049160884,-0.20092955791185693,2023,6,27,17
"Joined a nature photography club, capturing the beauty of the great outdoors. Every click is a connection to nature. #NaturePhotography #SeniorPhotographer",NaturePhotographySenior,#OutdoorBeauty #SeniorClicks,1,0,0,31,116,-0.5011118286338844,-0.5661199648429038,2023,6,28,22
"Attended a jazz concert and swayed to the rhythm of timeless tunes. Music, a constant companion in the golden years. #JazzConcert #SeniorMusic",JazzMusicLover,#TimelessTunes #SeniorJazz,0,1,0,32,116,0.52361011486408,0.529451255950237,2023,6,29,16
"Joined a writing group, penning down thoughts and reflections. Writing, a journey into the depths of the soul. #WritingGroup #SeniorWriter",SeniorWordsmith,#SoulfulWriting #SeniorReflections,0,0,1,31,90,0.9627766620774934,0.8946416628812839,2023,6,30,19
"Embarked on a solo travel adventure, discovering the beauty of new places at my own pace. #SoloTravel #SeniorExplorer",SoloAdventurer,#DiscoverNewPlaces #SeniorTravel,0,1,0,32,76,1.255554360219769,1.2598320698123309,2023,7,1,14
"Attended a vintage car show, reminiscing about the classics that once ruled the roads. Nostalgia in every rev. #VintageCars #ClassicRides",CarEnthusiastSenior,#RoadTripDownMemoryLane #SeniorCars,1,0,0,31,116,0.0844435676506667,0.16426084901919003,2023,7,2,18
"Started a community garden, growing not just plants but friendships too. Green thumbs unite! #CommunityGarden #SeniorGardener",GreenThumbSenior,#GardenFriends #SeniorGreenThumb,0,0,1,5,116,0.9627766620774934,0.8946416628812839,2023,7,3,12
"Hosted a family dinner, where laughter echoed louder than the clinking of utensils. Family, the heart of happiness. #FamilyDinner #SeniorHost",FamilyHostSenior,#HeartwarmingMoments #SeniorFamily,0,1,0,32,40,1.9874986055754578,1.9902128836744248,2023,7,4,17
"Enrolled in a dance class for seniors, moving to the rhythm of life. Age is just a number on the dance floor. #DanceClass #SeniorDancer",DanceEnthusiastSenior,#DanceLife #SeniorMoves,0,0,1,31,116,-0.5011118286338844,-0.5661199648429038,2023,7,5,20
"Visited an art gallery, appreciating the brushstrokes that tell tales of creativity. Art, an eternal companion. #ArtGallery #SeniorArtLover",ArtGalleryVisitor,#CreativeExpressions #SeniorArt,1,0,0,32,116,0.52361011486408,0.529451255950237,2023,7,6,14
"Started a book club for seniors, where discussions are as lively as the characters in the novels. #BookClub #SeniorReaders",SeniorBookClub,#BookishTalks #SeniorBookworms,0,1,0,31,116,0.0844435676506667,0.16426084901919003,2023,7,7,19
"Hosted a picnic in the park, basking in the warmth of friendship and sunshine. Simple joys, timeless memories. #ParkPicnic #SeniorJoy",SeniorPicnicHost,#FriendshipSunshine #SeniorMemories,0,0,1,5,40,1.255554360219769,1.2598320698123309,2023,7,8,16
"Participated in a local theater production, proving that the stage belongs to every age. #TheaterProduction #SeniorActor",SeniorActor,#StagePassion #SeniorTheater,1,0,0,32,116,-0.20833413049160884,-0.20092955791185693,2023,7,9,22
"Embarked on a hiking adventure, conquering trails and relishing the beauty of nature. Age is just a number on the mountaintop. #HikingAdventure #SeniorHiker",SeniorHikerExplorer,#NatureTrailBlazer #SeniorExplorer,0,1,0,31,76,0.9627766620774934,0.8946416628812839,2023,7,10,14
Hosted a photography exhibition featuring snapshots of a life well-lived. Every photo has a story to tell. #PhotographyExhibition #SeniorPhotographer,SeniorPhotographerExhibitor,#LifeInPictures #SeniorExhibition,0,0,1,5,90,0.0844435676506667,0.16426084901919003,2023,7,11,18
"Joined a seniors' cycling club, feeling the wind in my hair and the freedom of the open road. #CyclingClub #SeniorCyclist",SeniorCyclingEnthusiast,#OpenRoadAdventures #SeniorCycling,1,0,0,32,76,0.52361011486408,0.529451255950237,2023,7,12,13
"Attended a wine tasting event, savoring the richness of flavors that age like fine wine. Cheers to the golden years! #WineTasting #SeniorWineLover",SeniorWineConnoisseur,#AgedToPerfection #SeniorCheers,0,1,0,31,116,1.9874986055754578,1.9902128836744248,2023,7,13,20
"Started learning ballroom dancing, gliding gracefully across the dance floor. Ageless elegance in every step. #BallroomDancing #SeniorDancer",SeniorBallroomDancer,#GracefulMoves #SeniorDance,0,0,1,32,116,-0.20833413049160884,-0.20092955791185693,2023,7,14,16
"Organized a community painting event, turning blank canvases into a masterpiece of shared creativity. #PaintingEvent #SeniorArtist",SeniorPaintingOrganizer,#CommunityArt #SeniorCreativity,1,0,0,5,116,0.9627766620774934,0.8946416628812839,2023,7,15,19
"Hosted a 'memory lane' evening with old friends, reminiscing about the adventures that shaped our lives. #MemoryLane #SeniorReminiscing",SeniorMemoriesHost,#FriendshipAdventures #SeniorNostalgia,0,1,0,32,90,1.255554360219769,1.2598320698123309,2023,7,16,14
"Joined a seniors' astronomy club, stargazing and finding wonder in the vastness of the cosmos. #AstronomyClub #SeniorStargazer",SeniorStargazer,#CelestialWonders #SeniorAstronomy,0,0,1,31,46,-0.5011118286338844,-0.5661199648429038,2023,7,17,22
"Attended a local jazz festival, tapping toes to the tunes that have stood the test of time. Music, a lifelong love affair. #JazzFestival #SeniorMusicLover",SeniorJazzFestivalGoer,#TimelessTunes #SeniorJazz,1,0,0,32,116,0.52361011486408,0.529451255950237,2023,7,18,16
"Started a blog sharing the wisdom gained through the years, proving that every day is a chance to learn and grow. #SeniorWisdom #Blog",WisdomBloggerSenior,#LifeLessons #SeniorBlog,0,1,0,31,90,0.0844435676506667,0.16426084901919003,2023,7,19,19
"Participated in a charity run, proving that age is no barrier to supporting meaningful causes. #CharityRun #SeniorRunner",SeniorCharityRunner,#RunForACause #SeniorSupport,0,0,1,5,76,1.255554360219769,1.2598320698123309,2023,7,20,17
"Survived a challenging physics exam. Equations, you won't defeat me!",PhysicsWhizHighSchool,#PhysicsSurvivor #HighSchoolAdventures,0,1,0,32,155,-0.20833413049160884,-0.20092955791185693,2023,8,1,13
Exploring the world of coding. Debugging is an adventure on its own! #CodingJourney #HighSchoolCoder,CodeExplorerHighSchool,#CodingAdventure #HighSchoolCoderLife,0,0,1,31,76,0.52361011486408,0.529451255950237,2023,8,2,14
"Joined the school debate team. Words are my weapons, and I'm ready for battle!",DebateWarriorHighSchool,#DebateWarrior #HighSchoolDebater,1,0,0,5,76,-0.5011118286338844,-0.5661199648429038,2023,8,3,12
"Started a photography club at school. Capturing moments, one snapshot at a time!",PhotoClubHighSchool,#PhotographyClub #HighSchoolPhotographer,0,1,0,32,116,0.0844435676506667,0.16426084901919003,2023,8,4,16
"Daydreaming about the upcoming prom. The dress, the dance – it's a fairytale in the making!",PromDreamerHighSchool,#PromDreams #HighSchoolFairytale,0,0,1,5,76,1.255554360219769,1.2598320698123309,2023,8,5,19
Convinced the teacher to have class outdoors. Learning equations with a side of fresh air!,OutdoorClassHighSchool,#OutdoorClassroom #HighSchoolExplorer,1,0,0,32,146,0.9627766620774934,0.8946416628812839,2023,8,6,14
"Accidentally spilled paint in art class. Abstract art, right? #ArtClassAdventures #HighSchoolArtist",PaintSpillHighSchool,#ArtisticMishaps #HighSchoolArt,0,1,0,31,62,0.0844435676506667,0.16426084901919003,2023,8,7,19
Trying to master the perfect kickflip on my skateboard. Skating into the weekend like a pro!,SkateProHighSchool,#SkaterLife #HighSchoolSkater,0,0,1,5,76,1.255554360219769,1.2598320698123309,2023,8,8,16
Bonding with friends over the latest K-pop sensation. Fangirling at its finest!,KpopFangirlHighSchool,#KpopFangirl #HighSchoolMusic,1,0,0,32,116,-0.20833413049160884,-0.20092955791185693,2023,8,9,22
Spent hours perfecting a chemistry experiment. Mixing potions like a wizard!,ChemistryWizardHighSchool,#ChemistryWizard #HighSchoolScientist,0,1,0,31,116,0.9627766620774934,0.8946416628812839,2023,8,10,14
Successfully organized a surprise birthday party for a friend. Party planning expert mode: Achieved!,BirthdayPartyPlannerHighSchool,#BirthdayParty #HighSchoolCelebration,0,0,1,5,116,0.0844435676506667,0.16426084901919003,2023,8,11,18
"Joined the drama club to unleash my inner actor. Lights, camera, action!",DramaClubStarHighSchool,#DramaClubStar #HighSchoolActor,1,0,0,32,76,0.52361011486408,0.529451255950237,2023,8,12,13
Got my hands on the latest fantasy novel. Diving into realms of magic and adventure!,FantasyBookNerdHighSchool,#FantasyBookNerd #HighSchoolReader,0,1,0,31,76,1.9874986055754578,1.9902128836744248,2023,8,13,20
Mastering the art of the perfect doodle during boring classes. Doodles: A+!,DoodleMasterHighSchool,#DoodleMaster #HighSchoolArt,0,0,1,32,116,-0.20833413049160884,-0.20092955791185693,2023,8,14,16
Attempting to break the school record for the longest handstand. Wish me luck!,HandstandChallengeHighSchool,#HandstandChallenge #HighSchoolAthlete,1,0,0,5,76,0.9627766620774934,0.8946416628812839,2023,8,15,19
Sneaking snacks into class like a pro. The art of snack-smuggling is a sacred skill!,SnackSmugglerHighSchool,#SnackSmuggler #HighSchoolSnacks,0,1,0,32,131,1.255554360219769,1.2598320698123309,2023,8,16,14
Hosting a sleepover with friends this weekend. Preparing for a night of laughter and memories!,SleepoverHostHighSchool,#SleepoverFun #HighSchoolMemories,0,0,1,31,76,-0.5011118286338844,-0.5661199648429038,2023,8,17,22
"Spent hours on a TikTok dance, only to realize I have two left feet. Dance fail: Unleashed!",TikTokFailHighSchool,#DanceFail #HighSchoolTikTok,1,0,0,32,62,0.52361011486408,0.529451255950237,2023,8,18,16
Accidentally liked my crush's old photo while stalking their profile. Awkward level: Maximum!,SocialMediaBlunderHighSchool,#SocialMediaBlunder #HighSchoolAwkward,0,1,0,31,62,0.0844435676506667,0.16426084901919003,2023,8,19,19
Tried to impress my crush with a smooth conversation. Ended up spilling my drink. Smooth level: Nonexistent!,CrushFailHighSchool,#CrushFail #HighSchoolEmbarrassment,0,0,1,5,62,1.255554360219769,1.2598320698123309,2023,8,20,17
Mastered the art of creating paper airplanes during lecture. Paper planes: Soaring to new heights!,PaperPlaneExpertHighSchool,#PaperPlaneExpert #HighSchoolArt,0,1,0,32,116,-0.9402783758472977,-0.9313103717739508,2023,8,21,15
Trying to set a new trend by juggling textbooks between classes. Academic juggling: A unique skill!,JugglingProHighSchool,#TextbookJuggling #HighSchoolSkills,1,0,0,5,76,0.0844435676506667,-0.20092955791185693,2023,8,22,12
Hiding a snack stash in my backpack for emergency cravings. Snack ninja mode: Activated!,SnackNinjaHighSchool,#SnackNinja #HighSchoolSnacks,0,0,1,32,131,0.9627766620774934,0.8946416628812839,2023,8,23,16
Planning a surprise scavenger hunt for friends. Anticipating the thrill and excitement!,ScavengerHuntMasterHighSchool,#SurpriseAdventure #HighSchoolFun,0,1,0,31,76,-0.20833413049160884,-0.3470057206842757,2023,8,24,18
Danced in the rain to celebrate the end of exams. Rain dance: Unexpectedly refreshing!,RainDanceCelebrationHighSchool,#RainDance #HighSchoolJoy,1,0,0,5,116,0.52361011486408,0.529451255950237,2023,8,25,14
Accidentally sent a text meant for a friend to the class group chat. Texting fail: Oops moment!,GroupChatBlunderHighSchool,#TextingFail #HighSchoolAwkward,0,0,1,32,62,-0.5011118286338844,-0.5661199648429038,2023,8,26,17
Tried a magic trick to impress classmates. Magic fail: Where did that rabbit go?,MagicFailHighSchool,#MagicFail #HighSchoolMagic,0,1,0,31,62,0.0844435676506667,0.16426084901919003,2023,8,27,20
Perfecting the art of creating origami during a dull lecture. Origami mastery: A+!,OrigamiProHighSchool,#OrigamiMaster #HighSchoolArt,0,0,1,32,116,-0.5011118286338844,-0.49308188345669446,2023,8,28,16
Attempting to set a new record for the most consecutive hacky sack kicks. Hacky sack skills: Unleashed!,HackySackChampionHighSchool,#HackySackChallenge #HighSchoolAthlete,0,1,0,5,76,0.6699989639352177,0.3833750931778182,2023,8,29,13
Creating a secret handshake with friends. Friendship level: Expert!,SecretHandshakeHighSchool,#FriendshipGoals #HighSchoolMemories,1,0,0,32,116,-0.20833413049160884,-0.20092955791185693,2023,8,30,17
Embarking on a mission to find the best burger joint in town. Burger connoisseur: Reporting for duty!,BurgerQuestHighSchool,#BurgerQuest #HighSchoolFoodie,0,0,1,31,76,0.37722126579294224,-0.05485339513943815,2023,8,31,20
Practicing a stand-up comedy routine for the upcoming talent show. Comedy gig: In the making!,ComedyGeniusHighSchool,#StandUpComedy #HighSchoolTalent,0,1,0,5,116,-0.06194528142047107,-0.27396763929806633,2023,9,1,14
Accidentally sent a love letter to the wrong person. Love note fail: Maximum embarrassment!,LoveLetterBlunderHighSchool,#LoveLetterFail #HighSchoolAwkward,1,0,0,32,62,-0.6475006777050222,-0.7121961276153227,2023,9,2,18
Attempting to impress the teacher with an elaborate science experiment. Science geek mode: Activated!,ScienceExperimentProHighSchool,#ScienceGeek #HighSchoolExperiments,0,0,1,31,76,0.23083241672180446,0.09122276763298064,2023,9,3,22
Crafting intricate friendship bracelets for the whole squad. Friendship level: Expert weaver!,BraceletCraftsmanHighSchool,#FriendshipBracelets #HighSchoolCrafts,0,1,0,32,116,-0.3547229795627466,-0.4200438020704851,2023,9,4,15
Attempting to beat the record for the most consecutive cartwheels. Cartwheel challenge: Underway!,CartwheelMasterHighSchool,#CartwheelChallenge #HighSchoolAthlete,0,0,1,5,76,0.8163878130063555,0.6755274187226558,2023,9,5,12
Organizing a movie marathon with friends. Popcorn and cinematic adventures await!,MovieMarathonHostHighSchool,#MovieNight #HighSchoolMemories,1,0,0,31,116,0.0844435676506667,0.01818468624677124,2023,9,6,16
Experimenting with a new hair color. A bold change for a bold semester!,HairColorExperimentHighSchool,#HairExperiment #HighSchoolStyle,0,1,0,32,76,-0.20833413049160884,-0.27396763929806633,2023,9,7,18
Building a time capsule to capture memories for the future. Time-traveling emotions!,TimeCapsuleCreatorHighSchool,#TimeCapsule #HighSchoolNostalgia,1,0,0,5,116,0.6699989639352177,0.3833750931778182,2023,9,8,14
Accidentally walked into the wrong classroom on the first day. Classroom mix-up: Awkward start!,ClassroomBlunderHighSchool,#FirstDayOops #HighSchoolEmbarrassment,0,0,1,32,62,-0.79388952677616,-0.7852342090015321,2023,9,9,17
Trying out a new smoothie recipe for a healthy start to the week. Smoothie enthusiast: Level up!,SmoothieConnoisseurHighSchool,#HealthyLiving #HighSchoolWellness,0,1,0,31,76,0.23083241672180446,-0.05485339513943815,2023,9,10,20
Reflecting on the challenges of the school year. Feeling a bit overwhelmed with assignments.,OverwhelmedHighSchoolStudent,#SchoolChallenges #HighSchoolStruggles,0,0,1,32,163,-0.9402783758472977,-1.0773865345463696,2023,9,11,15
Encountered some mean-spirited comments online. Dealing with online hate is never easy.,DealingWithHateHighSchool,#OnlineHate #HighSchoolReality,0,1,0,5,95,-0.5011118286338844,-0.49308188345669446,2023,9,12,12
Had a bad day at school. Everything seems to be going wrong.,ToughDayHighSchool,#BadDay #HighSchoolBlues,1,0,0,31,18,-0.20833413049160884,-0.20092955791185693,2023,9,13,16
Feeling down after not making the sports team. Disappointment lingers.,SportsTeamRejectionHighSchool,#Disappointment #HighSchoolSports,0,0,1,32,163,-0.6475006777050222,-0.6391580462291132,2023,9,14,18
Witnessed a heated argument in the cafeteria. Unpleasant atmosphere at lunch.,CafeteriaConflictHighSchool,#CafeteriaDrama #HighSchoolTension,0,1,0,5,95,-0.06194528142047107,-0.12789147652564753,2023,9,15,14
Received a not-so-great grade on a major project. Academic frustration setting in.,ProjectGradeDisappointmentHighSchool,#AcademicFrustration #HighSchoolStress,1,0,0,31,18,-0.3547229795627466,-0.3470057206842757,2023,9,16,17
Dealing with a personal setback. Sometimes life throws unexpected challenges.,PersonalSetbackHighSchool,#LifeChallenges #HighSchoolStruggles,0,0,1,32,163,0.0844435676506667,0.09122276763298064,2023,9,17,20
Feeling lonely on a Saturday night. Sometimes solitude hits harder than expected.,LonelySaturdayHighSchool,#LonelyNights #HighSchoolEmotions,0,1,0,5,163,-0.79388952677616,-0.8582722903877414,2023,9,18,22
Experiencing cyberbullying. Hateful messages online are disheartening.,CyberbullyingVictimHighSchool,#StopCyberbullying #HighSchoolReality,1,0,0,31,95,-1.0866672249184355,-1.150424615932579,2023,9,19,15
Caught in a torrential rainstorm without an umbrella. Today's weather is just bad luck.,RainyDayBluesHighSchool,#BadLuck #HighSchoolWeather,0,0,1,32,18,-0.5011118286338844,-0.5661199648429038,2023,9,20,12
Missing an important event due to unforeseen circumstances. A day filled with sadness.,MissedOpportunityHighSchool,#MissedChances #HighSchoolRegret,0,1,0,5,163,-0.20833413049160884,-0.27396763929806633,2023,9,21,16
Dealing with unfounded rumors circulating about personal life. Rumors can be hurtful.,RumorVictimHighSchool,#RumorMills #HighSchoolDrama,1,0,0,31,95,0.23083241672180446,0.2372989304053994,2023,9,22,18
Got a flat tire on the way to an important meeting. Talk about a series of bad events!,FlatTireWoesHighSchool,#BadLuckDay #HighSchoolStruggles,0,0,1,32,18,0.52361011486408,0.529451255950237,2023,9,23,14
Feeling a sense of emptiness after a close friend moves away. Farewells are always sad.,FriendMovingAwayHighSchool,#SayingGoodbye #HighSchoolEmotions,0,1,0,5,163,-0.06194528142047107,-0.05485339513943815,2023,9,24,17
Facing rejection from a dream college. Disheartened but determined to explore other paths.,CollegeRejectionHighSchool,#CollegeDreams #HighSchoolJourney,1,0,0,31,163,-0.3547229795627466,-0.4200438020704851,2023,9,25,20
Encountering online toxicity during a gaming session. Hateful comments can ruin the fun.,GamingToxicityHighSchool,#OnlineGaming #HighSchoolGamer,0,0,1,32,95,-0.79388952677616,-0.7852342090015321,2023,9,26,14
Having a bad hair day and feeling self-conscious. Bad hair days can affect confidence.,BadHairDayBluesHighSchool,#BadHairDay #HighSchoolConfidence,0,1,0,5,18,-0.5011118286338844,-0.49308188345669446,2023,9,27,17
Feeling a sense of despair after a major project failure. Hard work didn't pay off this time.,ProjectFailureDespairHighSchool,#ProjectStruggles #HighSchoolHardships,1,0,0,31,163,-0.06194528142047107,-0.12789147652564753,2023,9,28,22
Experiencing hate comments for expressing personal opinions. Online negativity prevails.,OpinionsHateHighSchool,#OnlineOpinions #HighSchoolCriticism,0,0,1,32,95,0.37722126579294224,0.3833750931778182,2023,9,29,15
Having a string of bad luck with constant technology malfunctions. Tech troubles galore!,TechMalfunctionWoesHighSchool,#TechIssues #HighSchoolTech,0,1,0,5,18,0.0844435676506667,0.01818468624677124,2023,9,30,18
Missing out on a long-anticipated event due to unexpected circumstances. A day filled with sadness.,MissedEventBluesHighSchool,#MissedMoments #HighSchoolRegret,1,0,0,31,163,-0.20833413049160884,-0.27396763929806633,2023,10,1,14
Trying out a new study technique for upcoming exams. Exploring different learning strategies.,StudyTechniqueExperimentHighSchool,#StudyStrategies #HighSchoolExams,0,1,0,32,135,0.23083241672180446,-0.05485339513943815,2023,10,2,16
Organizing a community cleanup event for a cleaner neighborhood. Promoting environmental awareness.,CommunityCleanupHighSchool,#EnvironmentalEfforts #HighSchoolCommunity,0,0,1,5,135,0.6699989639352177,0.529451255950237,2023,10,3,12
Sharing favorite book recommendations with classmates. Building a mini book club.,BookRecommendationsHighSchool,#BookClub #HighSchoolReads,1,0,0,31,135,-0.3547229795627466,-0.3470057206842757,2023,10,4,18
Experimenting with a new recipe for a school bake sale. Baking adventures in the kitchen.,BakeSaleRecipeExperimentHighSchool,#BakingAdventures #HighSchoolBakes,0,1,0,32,135,-0.06194528142047107,0.01818468624677124,2023,10,5,14
Collaborating on a school project with peers. Teamwork makes the dream work.,SchoolProjectCollaborationHighSchool,#Teamwork #HighSchoolProjects,0,0,1,5,135,-0.5011118286338844,-0.49308188345669446,2023,10,6,17
Attending a school club meeting to explore new interests. Dabbling in extracurricular activities.,ExtracurricularExplorationHighSchool,#SchoolClubs #HighSchoolInterests,0,1,0,31,135,0.0844435676506667,0.16426084901919003,2023,10,7,20
Exploring a new part-time job opportunity for gaining work experience. Career development in progress.,PartTimeJobExplorationHighSchool,#CareerDevelopment #HighSchoolJobs,1,0,0,32,135,0.37722126579294224,0.3833750931778182,2023,10,8,15
Attending a school assembly to stay informed about upcoming events and announcements. Staying connected with school activities.,SchoolAssemblyParticipationHighSchool,#SchoolEvents #HighSchoolConnectivity,0,0,1,5,135,-0.20833413049160884,-0.20092955791185693,2023,10,9,22
Exploring a new hobby of photography during free time. Capturing moments through a lens.,PhotographyHobbyHighSchool,#PhotographyJourney #HighSchoolHobbies,0,1,0,31,135,0.52361011486408,0.4564131745640276,2023,10,10,14
Participating in a science fair to showcase a unique experiment. Sharing knowledge with peers.,ScienceFairParticipationHighSchool,#ScienceFair #HighSchoolScience,1,0,0,32,135,-0.3547229795627466,-0.4200438020704851,2023,10,11,16
Attending a workshop on time management to enhance organizational skills. Striving for efficiency.,TimeManagementWorkshopHighSchool,#EfficiencyGoals #HighSchoolSkills,0,0,1,5,135,0.23083241672180446,0.09122276763298064,2023,10,12,18
Volunteering at a local charity event to give back to the community. Contributing to social causes.,CharityEventVolunteerHighSchool,#CommunityService #HighSchoolVolunteer,0,1,0,31,135,-0.20833413049160884,-0.27396763929806633,2023,10,13,12
Collaborating on a group project to promote teamwork and shared responsibilities. Group effort in action.,GroupProjectCollaborationHighSchool,#TeamSpirit #HighSchoolProjects,1,0,0,32,135,-0.5011118286338844,-0.5661199648429038,2023,10,14,17
Participating in a debate club to enhance critical thinking and communication skills. Intellectual engagement in progress.,DebateClubParticipationHighSchool,#DebateSkills #HighSchoolIntellect,0,0,1,5,135,0.0844435676506667,0.01818468624677124,2023,10,15,20
Celebrating a friend's birthday with a surprise party. Joyful moments and laughter all around!,BirthdaySurpriseHighSchool,#SurpriseParty #HighSchoolCelebration,0,1,0,31,93,0.8163878130063555,0.6755274187226558,2023,10,16,15
Successfully completing a challenging coding project. Excitement for overcoming coding hurdles!,CodingSuccessHighSchool,#CodingTriumph #HighSchoolTech,0,0,1,32,93,0.37722126579294224,0.3833750931778182,2023,10,17,12
Attending a school talent show to support classmates. Applauding the diverse talents on display!,TalentShowSupportHighSchool,#TalentShow #HighSchoolEntertainment,1,0,0,5,93,-0.3547229795627466,-0.3470057206842757,2023,10,18,16
"Exploring a new hiking trail with friends over the weekend. Nature, laughter, and good vibes!",WeekendHikeHighSchool,#NatureAdventures #HighSchoolFriends,0,1,0,31,93,-0.06194528142047107,-0.05485339513943815,2023,10,19,18
Winning a friendly sports competition against rival schools. Victory celebrations in full swing!,SportsVictoryHighSchool,#SportsTriumph #HighSchoolAthletics,0,0,1,32,93,0.6699989639352177,0.529451255950237,2023,10,20,14
Receiving a heartfelt letter from a pen pal in another country. Connecting across the globe!,PenPalConnectionHighSchool,#GlobalFriendship #HighSchoolCorrespondence,1,0,0,5,93,0.23083241672180446,0.16426084901919003,2023,10,21,17
Creating a beautiful mural with fellow art enthusiasts. The power of collaboration and creativity!,MuralCreationHighSchool,#ArtCollaboration #HighSchoolCreativity,0,1,0,31,93,0.0844435676506667,0.01818468624677124,2023,10,22,20
Participating in a school-wide art exhibition. Witnessing creativity and spreading positive vibes!,ArtExhibitionJoyHighSchool,#ArtisticExpression #HighSchoolCreativity,0,1,0,32,93,0.23083241672180446,0.09122276763298064,2015,11,10,16
Achieving a personal best in a track and field competition. The thrill of victory and self-improvement!,TrackFieldSuccessHighSchool,#AthleticAchievement #HighSchoolSports,0,0,1,5,93,0.6699989639352177,0.6024893373364464,2016,9,14,12
Collaborating on a science project that received recognition at a regional fair. Science triumphs and smiles!,ScienceProjectSuccessHighSchool,#ScienceFairWinner #HighSchoolScience,1,0,0,31,93,-0.20833413049160884,-0.27396763929806633,2017,8,18,18
"Attending a surprise birthday party organized by friends. Surrounded by love, laughter, and good company!",BirthdayPartyJoyHighSchool,#SurpriseCelebration #HighSchoolFriendship,0,1,0,32,93,0.52361011486408,0.3833750931778182,2018,6,22,14
Successfully fundraising for a school charity initiative. The joy of giving back to the community!,CharityFundraisingTriumphHighSchool,#CommunityGiving #HighSchoolPhilanthropy,0,0,1,5,93,0.0844435676506667,-0.05485339513943815,2019,4,5,17
"Participating in a multicultural festival, celebrating diversity with music, dance, and delicious food!",MulticulturalFestivalJoyHighSchool,#CulturalCelebration #HighSchoolUnity,1,0,0,31,93,-0.06194528142047107,0.01818468624677124,2020,2,29,20
"Organizing a virtual talent show during challenging times, bringing smiles to classmates' faces!",VirtualTalentShowSuccessHighSchool,#VirtualEntertainment #HighSchoolPositivity,0,1,0,32,93,0.37722126579294224,0.3103370117916088,2020,11,15,15
